TICKER,ReturnEarly2020,ReturnLate2020
JJSF,-0.340234493,0.300340414
PLXS,-0.290875889,0.433469101
HNGR,-0.435711705,0.411424534
ORCL,-0.08359557,0.356166065
MSFT,0.003212116,0.421139375
TROW,-0.191152093,0.581942064
HON,-0.239929857,0.615644289
AMRC,-0.026857206,2.067522046
RGEN,0.043676159,0.984980969
BWXT,-0.212306733,0.249688571
PTVCB,-0.139438921,0.018376189
INDB,-0.221260948,0.159761933
HVT,-0.407920433,1.646724844
TMP,-0.210166889,0.007703186
BCPC,-0.02863348,0.173015229
DJCO,-0.213897437,0.769598223
ASTE,-0.16476152,0.666036469
WERN,-0.001139266,0.09134702
SKYW,-0.592604183,0.539135548
FRPH,-0.136719369,0.059301248
AMWD,-0.563964888,1.059469696
ADM,-0.233734376,0.468212629
VIVO,-0.140224979,1.225001345
CLFD,-0.149928968,1.086076385
WTS,-0.149385099,0.447961065
FNB,-0.410236166,0.349906864
EHC,-0.071604531,0.307265173
FISV,-0.178500677,0.198651453
FCNCA,-0.373800059,0.730492787
HTLD,-0.116864684,-0.022244226
OSUR,0.339975173,-0.01626396
CAL,-0.778105159,2.070773706
BC,-0.407643281,1.181158729
UIS,0.041314771,0.593519748
WSFS,-0.431535097,0.82189682
ITIC,-0.193215704,0.312837179
CERN,-0.141708926,0.25906233
WBS,-0.566317988,0.913796335
MKL,-0.188318312,0.113601055
AXGN,-0.418669258,0.721154389
FLIC,-0.295333922,0.054060147
FBP,-0.494476108,0.775296223
AVD,-0.256291838,0.074689626
PLAB,-0.34898511,0.087719041
CRMT,-0.486138913,0.949243421
ARGO,-0.433243815,0.21052218
OFG,-0.523506895,0.68269808
CATO,-0.367816084,-0.101219026
FBNC,-0.41718855,0.496908195
WSBC,-0.364382239,0.317208525
KO,-0.193134609,0.271100688
SAFM,-0.298566204,0.081316042
CNBKA,-0.307171181,0.250218717
UBSI,-0.393947619,0.460359393
ENV,-0.227630868,0.53012271
WASH,-0.310838951,0.27985095
CDNS,-0.047866264,1.065869945
ED,-0.129467797,-0.044490616
CHCO,-0.182049413,0.073865206
EBIX,-0.544356337,1.524401697
CECE,-0.390339285,0.490365447
FICO,-0.178792245,0.660893346
CNMD,-0.486094791,0.969579962
HBNC,-0.477372175,0.660691005
EPAC,-0.364195055,0.369229696
ATRI,-0.133000851,-0.0038683
XRAY,-0.312069471,0.357179861
FAST,-0.148200632,0.603887613
CPF,-0.457305719,0.247943006
HRTX,-0.50042477,0.802813277
CRK,-0.345078759,-0.189239193
GDOT,0.089699211,1.197716548
DTE,-0.260934441,0.313436685
MATX,-0.244538761,0.893097665
IMKTA,-0.23588473,0.194851238
AIN,-0.374077567,0.566485752
IIVI,-0.153549278,1.665262321
ETN,-0.172085719,0.580318088
JOUT,-0.180761597,0.808632834
SIVB,-0.398183377,1.56705011
ALCO,-0.131173784,0.011225839
MITK,0.030065062,1.256346043
CLH,-0.401282556,0.482275067
CYBE,-0.069096279,0.326123108
CTBI,-0.310248924,0.207459556
XOM,-0.446658116,0.1562577
IPAR,-0.357997756,0.305070203
MGM,-0.640816946,1.671254974
MXIM,-0.202901899,0.851774186
WM,-0.18300218,0.292763123
KKR,-0.191890445,0.746300463
TCF,-0.511161625,0.69246621
COKE,-0.26519042,0.281036961
DY,-0.455991429,1.944247911
QUAD,-0.443522574,0.515874835
GATX,-0.239833081,0.357950405
GORO,-0.502295052,0.067239595
GD,-0.245368023,0.152329735
GE,-0.287633863,0.36564148
LH,-0.252882003,0.610488557
ONB,-0.27243448,0.292460883
WSR,-0.53086165,0.346838305
PBCT,-0.338627528,0.226884407
SIG,-0.698795736,3.227910288
COR,0.044594216,0.11385884
FRBK,-0.476076827,0.301371021
HIFS,-0.306901971,0.508964553
LNN,-0.042955826,0.415894404
MGPI,-0.442517809,0.766465625
CDMO,-0.333768439,1.258318939
AMRS,-0.171520401,1.412108332
CHTR,-0.100540249,0.516239243
EFC,-0.674755889,1.776799702
LYB,-0.466985296,0.929988732
PACB,-0.404669785,7.477125049
VRA,-0.650847852,0.932037512
BAH,-0.030810986,0.284226902
GM,-0.42185764,1.00385072
HHC,-0.601577464,0.562352
CMRE,-0.519727547,0.942968398
LPLA,-0.407262839,0.932612966
ZGNX,-0.525609418,-0.191668945
FRC,-0.2982455,0.795180528
FLT,-0.351661571,0.462581003
INFU,-0.004689682,1.212013059
KNX,-0.082589423,0.282405971
TRGP,-0.826542064,2.892262468
WD,-0.373939558,1.330979172
ACNB,-0.20026322,-0.139721916
IBM,-0.162110586,0.180144466
QADA,-0.215982872,0.592247915
ASMB,-0.275170552,-0.592042417
NAV,-0.430199898,1.665860208
AAT,-0.448801642,0.185749791
BKU,-0.485256697,0.920308105
IBIO,3.257028823,-0.009432953
NLSN,-0.379310015,0.683780533
KMI,-0.3345892,0.039374667
NPTN,-0.178005039,0.253793731
INN,-0.651382469,1.135070823
ITT,-0.383994218,0.711478677
ACRX,-0.440758385,0.050847694
FLDM,-0.270115636,1.362206297
PCRX,-0.259823147,0.784671283
USCR,-0.564570371,1.203415079
APO,-0.282839993,0.507836578
FF,-0.085029807,0.473813055
HCA,-0.390066679,0.830385241
HII,-0.270076659,-0.046424591
CSOD,-0.457728471,0.387084886
AL,-0.530934407,1.034181449
KSU,-0.167015151,0.616383117
APTS,-0.441254326,0.114283539
STAG,-0.277107402,0.441889426
RLJ,-0.563769346,0.838261224
ECOL,-0.47329796,0.195064802
SR,-0.098517182,-0.11295736
THR,-0.437686961,0.037160325
KOS,-0.834947387,1.623937377
SAVE,-0.680227775,0.896816746
WIFI,-0.031050657,0.198867878
MPC,-0.603171964,0.836058948
AMCX,-0.384556696,0.471412551
SXC,-0.373979281,0.18460726
CHEF,-0.73576481,1.551143417
HZNP,-0.181767736,1.469616107
ZG,-0.257324087,3.001766508
FBHS,-0.33550493,1.001180842
VER,-0.45589809,0.598763748
FMNB,-0.280637647,0.172839195
LCNB,-0.339727021,0.209809158
XYL,-0.170592652,0.578351149
UI,-0.249163199,0.977876882
VAC,-0.565936175,1.468875969
APTV,-0.48006021,1.64601707
ACHC,-0.447622786,1.738966794
CLVS,-0.38992777,-0.245282002
GRPN,-0.589873995,0.938124145
BCEI,-0.517994526,0.718223036
CPRI,-0.717169097,2.892496485
FBIO,-0.264591488,0.677247816
TRIP,-0.427583389,0.654974326
ZNGA,0.119280539,0.440874998
GWRE,-0.277489875,0.62312386
POST,-0.239504936,0.217428187
RLGT,-0.305207225,0.498708042
REGI,-0.238219351,2.449583329
VSTM,0.97015066,-0.193181886
EPAM,-0.124905855,0.930140895
MTDR,-0.861992442,3.862908121
PRLB,-0.250320797,1.014972951
SLCA,-0.704065324,2.90000157
BCOV,-0.19792869,1.639885574
CCXI,0.01592882,0.541063538
HMST,-0.342555912,0.543273749
ALSN,-0.321606197,0.340384874
RM,-0.545121404,1.202302254
NL,-0.227622038,0.655419228
RXN,-0.303120549,0.755140271
VCRA,0.023121732,0.955272942
YELP,-0.48234235,0.811979996
CSTE,-0.298606055,0.233786353
ENPH,0.23574368,4.43418746
GALT,-0.314685554,0.142856567
MTSI,-0.288345184,1.907556765
HEAR,-0.33968293,2.453525309
ACRE,-0.537878836,0.879944577
MRC,-0.687683281,0.55634038
PSX,-0.512656026,0.358815164
RPAI,-0.601819234,0.681660991
FRGI,-0.592518013,1.828786641
PFPT,-0.106202304,0.329662045
SPLK,-0.157174932,0.345876964
TLYS,-0.610988498,0.975787009
WMC,-0.778315634,0.487144282
CG,-0.31919578,0.492532278
FB,-0.187332671,0.637649162
SUPN,-0.241568528,0.398556937
ALEX,-0.455629829,0.54456285
HTA,-0.198149713,0.177180614
NOW,0.015089096,0.920683335
TROX,-0.557793193,2.006412302
ANAT,-0.292998198,0.204582546
NGVC,-0.129044151,0.864146341
PANW,-0.290983426,1.167542914
CHUY,-0.611496694,1.630584769
FIVE,-0.449554516,1.486215033
FSBW,-0.433167876,0.543935455
HBMD,-0.356635465,0.087475844
HTBI,-0.404885881,0.230276322
FRG,-0.624138081,2.673121208
GMED,-0.277683352,0.53350644
BLMN,-0.672887396,1.719888014
HY,-0.315563208,0.518792397
NBHC,-0.316971659,0.399493392
PNR,-0.348338369,0.808571234
LFVN,-0.340166592,-0.095145843
QLYS,0.04342073,0.400965184
BERY,-0.290166971,0.66686509
OLN,-0.315121418,1.197461386
PBYI,-0.035428332,0.215639925
RLGY,-0.68905003,3.358804795
SSTK,-0.246035515,1.252963817
WDAY,-0.208148173,0.840038976
AMBA,-0.198150442,0.890856571
FANG,-0.713816676,0.899192447
ICPT,-0.491930614,-0.607687244
RH,-0.529414316,3.454257399
PCG,-0.172953427,0.385983234
CHMG,-0.217882376,0.056603712
NEO,-0.056068612,0.95001705
PRTA,-0.324069148,0.122428856
UIHC,-0.262489359,-0.362755288
ABBV,-0.12695186,0.464301652
PBF,-0.771282267,0.002823769
BFAM,-0.321312541,0.69598087
TPH,-0.437098827,0.966931305
CONE,-0.04860183,0.209819884
LAND,-0.07675565,0.26950398
FWONA,-0.410233203,0.471339043
NCLH,-0.812361076,1.320256544
BCC,-0.347193368,1.109494326
ORC,-0.46786333,0.980405261
AMSWA,-0.038641147,0.232781551
RC,-0.505836908,0.872710305
ZTS,-0.109441195,0.412048757
INBK,-0.304934928,0.767461215
XONE,-0.143432159,0.485132161
APAM,-0.305307714,1.478086201
MODN,-0.366695458,0.606483889
ENTA,-0.167529653,-0.181411059
EVTC,-0.330787098,0.738240311
HASI,-0.365755266,2.219037797
PEP,-0.114253399,0.262172952
SEAS,-0.6524759,1.866607779
TMHC,-0.496797736,1.331819166
TXMD,-0.561983522,0.141510297
CMRX,-0.290640752,2.354167636
HMTV,-0.424916109,0.2131149
IBTX,-0.57056462,1.68620529
AHH,-0.404904622,0.071456548
ECOM,-0.196902891,1.201103134
MO,-0.208375535,0.130268992
VOYA,-0.333133479,0.46313941
NRZ,-0.68901355,1.107627076
PFSI,-0.348259816,1.994745953
IQV,-0.301923036,0.661134868
ARCT,0.250229125,2.192050713
AMBC,-0.427908785,0.24635407
CUBI,-0.540949101,0.848919229
EPZM,-0.369512078,-0.299807164
COP,-0.522264033,0.345959621
NRC,-0.307097685,-0.060025933
PVH,-0.641678326,1.494421135
TSC,-0.629785956,0.799378687
BLUE,-0.476239456,-0.058527513
CDW,-0.344858643,0.426936375
ESPR,-0.471239338,-0.17538884
GOGO,-0.668749682,3.542452491
NDLS,-0.149819582,0.677280546
NSTG,-0.135513748,1.7808747
NWSA,-0.358203342,1.016506807
NWS,-0.373535736,0.990779409
PTCT,-0.071205773,0.368080547
SAMG,-0.235294131,0.526902288
COTY,-0.535121551,0.360466612
GTT,-0.299559552,-0.550943094
AMGN,-0.152303798,0.15751363
CWEN,-0.09269254,0.781975447
DOC,-0.255243513,0.330374849
REXR,-0.097329432,0.21467949
SRC,-0.455571169,0.617413205
AGIO,-0.256963379,0.221250578
LIND,-0.744954344,3.105513164
MRTX,-0.403460694,1.857285853
AMH,-0.112933605,0.299944007
IRT,-0.365057541,0.574245356
MUSA,-0.278973953,0.554354323
FI,-0.499032797,0.057917186
ASC,-0.414616075,-0.377142882
FOXF,-0.396291439,1.516905571
SFM,-0.03927639,0.081226456
RNG,0.256359538,0.788350588
SAIC,-0.138765246,0.285962625
AAOI,-0.361111006,0.121212103
BNFT,-0.593892245,0.625137993
FEYE,-0.359951173,1.179583658
NVEE,-0.181566031,0.907965997
ISEE,-0.599067328,1.008720364
PINC,-0.136219383,0.084750467
TCFC,-0.376406138,0.21826341
XLRN,0.695019979,0.423610883
DOOR,-0.342888653,1.072497097
AR,-0.749859816,6.644828332
BRX,-0.55411175,0.78546671
BURL,-0.305091783,0.650573839
CHMI,-0.547635613,0.610172349
CXP,-0.395543979,0.204706506
CPS,-0.690289115,2.375853913
ESRT,-0.350644667,0.055780762
MMI,-0.272482709,0.373801423
QTS,0.077575518,0.090771871
RMAX,-0.424785663,0.692688373
OMF,-0.511450368,1.790973346
VEEV,0.111687855,0.741063049
ESNT,-0.490286836,0.660744352
AERI,-0.441456428,0.000740165
COMM,-0.357998495,0.470910596
FATE,0.134900129,3.094100784
GLPI,-0.34006994,0.610973277
MGNX,-0.465073478,2.927834359
SRNE,-0.455621168,2.709241007
VCYT,-0.129298755,1.013162872
CHGG,-0.056185441,1.524596654
TCS,-0.44075768,3.042372888
SLB,-0.658234191,0.651726728
STAY,-0.492597876,1.030855043
TWTR,-0.233696651,1.204804478
ALLE,-0.258551639,0.276287883
FRBA,-0.370012765,0.367661208
HMHC,-0.699199895,0.771278657
KPTI,0.002087016,-0.194168552
LGIH,-0.360934168,1.344408614
NMIH,-0.65009075,0.950903043
TNDM,0.079516933,0.486865712
AMC,-0.559391586,-0.329113827
ARMK,-0.53840456,0.948904342
CTT,-0.361285225,0.355437513
UUUU,-0.382199303,2.610168582
HLT,-0.383776828,0.630422972
KIN,-0.528302205,0.077499382
XNCR,-0.131141802,0.460173856
OGS,-0.100462152,-0.062933709
ESI,-0.284246808,1.128491428
SC,-0.399426242,0.624608572
CARA,-0.180012821,0.14534508
EIGR,-0.54362431,0.807353355
DRNA,-0.166136507,0.199238023
GLYC,-0.568998337,0.649120821
ITCI,-0.552025853,1.068967858
TACO,-0.566097859,1.641400583
MBUU,-0.296947346,1.168810412
RARE,0.040271402,2.115684877
CNCE,-0.0417341,0.429862623
EGRX,-0.234353407,0.012391192
FLXN,-0.619806341,0.466327006
INGN,-0.243963583,-0.135114009
RVNC,-0.088108909,0.914864025
VRNS,-0.180672033,1.569659836
IBP,-0.4210829,1.556556124
KN,-0.367375697,0.377430924
LADR,-0.718403238,1.218073787
GCI,-0.768025009,1.270271384
ATEN,-0.096070291,0.587761419
BRG,-0.524274207,1.400578129
OUT,-0.483221283,0.451038455
QUOT,-0.340770555,0.449230658
QTWO,-0.271583303,1.142396775
TNET,-0.334746766,1.140201325
APOG,-0.355610425,0.560918893
AKBA,0.199367229,-0.630607264
NLTX,-0.076297958,0.239016692
CVX,-0.390411749,0.217788154
GOOG,-0.130297449,0.506592239
BLBD,-0.52312377,0.670628954
LE,-0.682143272,3.039326732
PCTY,-0.268995256,1.331410976
REPH,-0.554282632,-0.651162486
TWOU,-0.115464405,0.885484775
ALLY,-0.525013444,1.541488422
CIO,-0.455941415,0.428275867
FPI,-0.097345366,0.462938242
GRUB,-0.162623074,0.823474891
MC,-0.084967419,0.779539105
PAYC,-0.237007754,1.238749703
AAPL,-0.131597599,1.099543242
FIVN,0.165904081,1.280929584
NAVI,-0.434210368,0.372086461
PAHC,-0.021747668,-0.182125033
PFIS,-0.204255352,-0.046685152
SABR,-0.729500722,1.026980809
SPWH,-0.232876257,1.849027056
ARES,-0.122162861,0.564899076
HRTG,-0.187169444,-0.038525196
DNOW,-0.540925771,0.391471216
ZEN,-0.164687234,1.235902238
LPG,-0.437338905,0.399539479
AGRX,-0.256000082,0.543012072
BWFG,-0.468271395,0.314970033
CTRE,-0.270964299,0.560274511
FMBH,-0.326524979,0.459792904
QTNT,-0.584647613,0.318985352
SFBS,-0.217224694,0.394861916
TBPH,-0.107376994,-0.231069964
TRUE,-0.490526472,0.735538396
RYAM,-0.723958329,5.150940713
TMST,-0.589058276,0.445822357
CLNY,-0.608420865,1.748570543
AMPH,-0.230689723,0.355121469
ARDX,-0.242504975,0.138083038
CBAY,-0.244898513,2.878372986
GPRO,-0.396313484,2.160302657
AMAT,-0.246632184,0.902645342
INFO,-0.201815782,0.507269235
RDUS,-0.355158291,0.373845614
ANET,-0.004178652,0.434557395
ASPN,-0.20876261,1.718240897
CCS,-0.469469392,2.017228535
VRTV,-0.600406425,1.645041577
TSE,-0.506524573,1.973079631
WMS,-0.240388952,1.85305098
TREC,-0.167832823,0.174789524
CTLT,-0.077263374,1.003274649
PARR,-0.694491789,0.969013414
SYF,-0.549801531,1.221581051
TRUP,-0.305125458,3.598924649
GLOB,-0.171334796,1.476215552
OEC,-0.603108366,1.297587251
ADVM,-0.151909074,0.10951825
TKR,-0.422092594,1.429828919
CDNA,0.012053812,2.318825853
HQY,-0.316997154,0.377939409
ISTR,-0.467916893,0.318531795
FWONK,-0.407592492,0.564449344
LOCO,-0.441875654,1.142008741
MRNS,-0.060185071,0.502461115
TR,0.055946095,-0.166901936
NERV,-0.153305177,-0.611295836
OCUL,0.2531632,3.18181495
SAGE,-0.602160644,2.01218861
SPKE,-0.306309493,0.621806997
XENT,-0.524096292,0.932488167
RYI,-0.550296273,1.563912625
LTRPA,-0.755101848,1.411110496
VEC,-0.192157433,0.200676851
CFG,-0.531967567,0.992752633
AFMD,-0.423357714,2.683544449
BCLI,0.08411208,-0.024784818
CDK,-0.397273558,0.593561093
KEYS,-0.184644449,0.578512247
AVNS,-0.20089006,0.703676773
KE,-0.377777778,0.464286357
LBRDA,-0.140975844,0.472711852
BGSF,-0.651643768,0.836057499
BOOT,-0.70963361,2.353440043
ENVA,-0.397755854,0.709453411
GWB,-0.403896193,0.032625334
HUBS,-0.159685303,1.976501337
SNR,-0.64836621,1.119508841
W,-0.408653313,3.225479884
BSIG,-0.364970359,2.023544093
LBRDK,-0.119522993,0.430362247
ATRA,-0.483302618,1.306698377
CALA,-0.22241709,0.105856134
PLAY,-0.673203743,1.295105199
SIEN,-0.777405239,0.954775681
VBTX,-0.517038103,0.886825029
NVRO,-0.149395507,0.731342682
PGRE,-0.360632458,0.063465525
STOR,-0.504027909,0.948237729
AXTA,-0.431908122,0.65315706
ADMA,-0.28000021,-0.322915811
CHRS,-0.099139271,0.071517107
FFWM,-0.408620278,0.982881079
FGEN,-0.189787694,0.067340482
FRPT,0.080893044,1.223112073
MRO,-0.7562688,1.037627793
AROW,-0.255820215,0.136069432
SYNH,-0.33720053,0.728311426
JYNT,-0.32775743,1.420274213
EVFM,-0.137763476,-0.546992773
PRAH,-0.252901481,0.510598911
TBK,-0.316149393,0.867306683
UPLD,-0.248950024,0.711035195
LC,-0.377971257,0.345221639
NEWR,-0.296301963,0.414359339
WK,-0.231154037,1.833902454
CTSO,1.00779321,0.031048212
JRVR,-0.113321331,0.382867628
UE,-0.529197307,0.520999217
BOX,-0.163289595,0.285612631
SHAK,-0.366460063,1.246422388
VSTO,0.176470264,1.699998391
FNWB,-0.398558055,0.452710551
DEA,0.049305545,-0.049978065
AJX,-0.433139797,0.739345795
NVTA,-0.15251043,2.05852347
VMC,-0.247340512,0.383919416
XHR,-0.510643472,0.475730193
INOV,-0.114772403,0.090635343
RCKT,-0.387082589,2.931183943
IOVA,0.081467026,0.550026617
ATEX,0.05693061,-0.176702678
NXRT,-0.432834041,0.718820275
ENSV,-0.37102132,0.064615136
SUM,-0.372384655,0.338666563
SEDG,-0.138920548,2.897409119
UNIT,-0.247259139,1.030256322
BPMC,-0.270003493,0.917747772
KALV,-0.570466161,1.482356001
CRBP,-0.04029306,-0.761450283
ETSY,-0.132279953,3.628253214
VIRT,0.318676481,0.245424276
VKTX,-0.416458906,0.202990701
XBIT,-0.43102056,0.473633594
GDDY,-0.159157835,0.452458383
ASB,-0.413521191,0.384357328
NSA,-0.109755375,0.256128137
IGT,-0.589178751,1.847056788
CWEN,-0.048238427,0.754542478
APLE,-0.421346239,0.407850365
CHCT,-0.099030806,0.267945421
COLL,-0.206511257,0.226576602
CABO,0.106076872,0.360226847
BLD,-0.305005626,1.569512393
CC,-0.501424903,1.912192436
ENR,-0.393446684,0.423133228
SPNE,-0.319734004,1.135865632
KHC,-0.217553684,0.45299628
ALRM,-0.094484746,1.658699272
APPF,0.009096004,0.622712699
LNTH,-0.377864181,0.057208764
MCRB,0.034783214,5.862744682
PIRS,-0.370166402,0.096489294
WING,-0.07445184,0.733108841
EVH,-0.40000021,1.95212119
GKOS,-0.433448774,1.438755429
GNL,-0.323794504,0.387190797
FL,-0.428810261,0.870215262
ATRO,-0.671556417,0.441177086
TRU,-0.226082838,0.503082929
UNVR,-0.557756288,0.773318988
PYPL,-0.114910707,1.446212722
LITE,-0.070618302,0.28629671
CHMA,-0.264112272,0.191779697
RBNC,-0.490702794,0.684920826
CYRX,0.03705955,1.570591191
LOB,-0.342748831,2.821673759
MCFT,-0.53650793,2.40273734
NTRA,-0.113682962,2.332886184
OLLI,-0.290461416,0.764566245
PVBC,-0.307631393,0.405989545
RILY,-0.25456762,1.489211905
RPD,-0.226525857,1.080775332
Z,-0.215934223,2.603553026
CCR,-0.350987489,-0.317543338
TXN,-0.215250927,0.678329265
OOMA,-0.098261417,0.207042905
SRG,-0.772704079,0.611415963
TDOC,0.851528924,0.289982645
GNK,-0.379001331,0.157576964
HLI,0.072847127,0.31074731
PLNT,-0.347884239,0.594046859
GBT,-0.357276845,-0.152281581
PRPL,-0.34787616,4.799294487
RUN,-0.268645717,5.869309465
FLOW,-0.418456494,1.039409716
PJT,-0.037447546,0.73854488
CSWI,-0.156293075,0.735423209
DSKE,-0.556962348,3.150002661
RGNX,-0.20966499,0.40086508
PEN,-0.017896428,0.084734599
LIVN,-0.400105789,0.463202359
HPE,-0.380202236,0.263937249
ACBI,-0.353133589,0.341193886
EXTN,-0.386973277,-0.07916586
FCPT,-0.318678628,0.647606341
EIX,-0.264984763,0.186614595
PFGC,-0.519813217,0.92596944
PSTG,-0.281122516,0.838213213
ABTX,-0.356842809,0.4312192
AVXL,0.216216764,0.714284891
CTMX,-0.077016262,-0.146022254
WSC,-0.452136324,1.287263664
TWNK,-0.266849792,0.373358239
NVCR,-0.200901791,1.569650073
SGRY,-0.582880785,3.44257181
AC,-0.219387664,0.16025527
SQ,-0.162723982,3.155022576
AXSM,-0.430823666,0.384837786
DLTH,-0.619183569,1.633414466
EQBK,-0.441204998,0.25159516
FGBI,-0.329811872,0.275436498
KURA,-0.276363734,2.282412627
MIME,-0.186261758,0.610198932
MTCH,-0.195712202,1.366521844
RMR,-0.404196386,0.490415339
VYGR,-0.344085641,-0.218579855
WVE,0.169058009,-0.160085519
AGR,-0.135653383,0.06888387
OSG,-0.013044002,-0.057269371
OCX,0.088889279,-0.024490338
SMBK,-0.355177563,0.20425186
TEAM,0.140601257,0.703845457
WKHS,-0.40460501,9.928170869
GCP,-0.216203674,0.328651184
WBT,-0.671364817,1.573099875
EDIT,-0.330293382,2.535553787
NCBS,-0.260933786,0.215647518
SNDX,0.249429916,1.027347596
VRAY,-0.407583296,0.527998574
UA,-0.579770546,0.846152133
BATRA,-0.342326653,0.275385371
BATRK,-0.354773238,0.305351577
LSXMA,-0.344435293,0.388337091
LSXMK,-0.343165416,0.401997343
AGLE,-0.390052478,0.688840081
CDXC,-0.243618965,0.472391252
GWRS,-0.220211178,0.441718389
RRR,-0.638831182,1.92865611
SCWX,-0.309123216,0.235448183
VBIV,-0.311593973,1.894734309
NGVT,-0.597161441,1.15141801
MSBI,-0.38928085,0.075739687
NTLA,-0.166325507,3.448074792
PLSE,-0.466070036,2.332403591
RETA,-0.293939579,-0.143549811
GMS,-0.419128002,0.937698525
SITE,-0.187865106,1.154712248
TPB,-0.260140188,1.121254414
USFD,-0.57722572,0.880858554
FTV,-0.276791315,0.494503191
HONE,-0.314831135,0.455855858
SELB,0.012604913,0.257260702
SYRS,-0.141823242,0.829680767
ATKR,-0.479238727,0.95111439
AZZ,-0.385509518,0.713876007
GMRE,-0.219954407,0.353160345
TWLO,-0.08943832,2.78254202
TRTN,-0.343531805,0.954475808
KDMN,-0.07505569,-0.009546342
VRS,-0.374376279,0.09718257
KNSL,0.028993532,0.917228219
WTRH,2.819873757,1.260160128
PAVM,0.649999369,0.070706781
PI,-0.353828123,1.505682814
TCMD,-0.405125325,0.11902567
TPIC,-0.201512635,2.571037958
ATOM,0.136363536,3.597137336
FHB,-0.420816203,0.488219542
MEDP,-0.127052764,0.896974578
PTGX,0.00141863,1.855527551
HOME,-0.632727334,6.65345502
ASIX,-0.522043808,1.095388436
DFIN,-0.496656885,2.220110856
SMPL,-0.325158354,0.628244323
CSTR,-0.403796088,0.511474152
EVBG,0.362193576,0.401559177
FLGT,-0.165892225,3.842005488
NTNX,-0.494561444,1.017084687
TRHC,0.074157611,-0.180722258
TTD,-0.25706342,3.15025912
ELF,-0.389956833,1.55995902
FBK,-0.500518111,0.778764853
VVV,-0.385060295,0.798309089
NTB,-0.532665554,0.921528015
ADNT,-0.573176871,2.833515957
YUMC,-0.109560516,0.342049811
AA,-0.713621452,2.741884166
BL,0.02036442,1.535262738
COUP,-0.044582453,1.425461999
FRTA,-0.482699403,1.875411737
IRTC,0.194742337,1.915914653
LW,-0.334606514,0.393746868
GT,-0.621284272,0.874573297
GOLF,-0.203846536,0.596611402
ARCH,-0.590186545,0.514534964
CWH,-0.603581636,3.808085274
INSW,-0.195228136,-0.30859138
GTYH,-0.232597519,0.146016306
MRKR,-0.340277955,-0.236842859
ATH,-0.472251734,0.738112068
CNDT,-0.60483856,0.959183457
HGV,-0.541436254,0.987953542
PK,-0.676845772,1.168142045
BPOP,-0.397447022,0.656076374
IIPR,0.013970919,1.480568259
ORGO,-0.328481558,1.331270278
ICHR,-0.424105691,0.573330589
PVAC,-0.898187514,2.284784225
VREX,-0.238175324,-0.265522454
BOH,-0.414277564,0.431238497
JELD,-0.584365597,1.606375283
UVV,-0.214122737,0.159172368
NEX,-0.825373114,1.940170352
REVG,-0.657330282,1.132564211
ANAB,-0.130461804,0.521583315
JNCE,-0.455899147,0.473684053
CLPR,-0.502358576,0.419074038
INVH,-0.283225744,0.412422067
LAUR,-0.403180267,0.385349304
NBEV,-0.23626319,0.89208509
AYX,-0.048966284,0.279708875
HSY,-0.093676572,0.168784007
PUMP,-0.777777816,1.956000375
ARD,-0.387129438,0.496562143
AKTS,-0.328749744,1.277464951
BYSI,-0.173548731,-0.047619728
IMXI,-0.241694442,0.699890973
VRRM,-0.489634868,0.87955282
HLNE,-0.067366218,0.430244778
NODK,-0.211627486,0.21091372
SNDR,-0.110678374,0.182625986
OKTA,0.059720854,1.079666675
YEXT,-0.293341865,0.542689306
HCC,-0.495978461,1.027910875
CADE,-0.634242888,1.555517486
CVNA,-0.40152138,3.348157455
CLDR,-0.323301658,0.767471293
EEX,-0.751818238,1.092662049
FND,-0.368431965,1.893426421
WTTR,-0.651939726,0.269347354
PCSB,-0.30763078,0.149398092
KR,0.044888109,0.070775723
BTU,-0.682017913,-0.168964414
GDP,-0.575696666,1.368544661
KREF,-0.24387805,0.286851311
CARS,-0.648118167,1.627907293
WOW,-0.358490613,1.241596642
APPN,0.052866217,3.029075819
FMAO,-0.135323793,-0.091359344
GTHX,-0.583049342,0.632487292
OVID,-0.281927371,-0.22483266
SGH,-0.359515723,0.548561985
URGN,-0.465387355,0.010088697
VERI,-0.064257086,11.21029652
VST,-0.299912508,0.258223328
AM,-0.706439936,3.342269009
SOI,-0.617499894,0.623434285
BHVN,-0.37490848,1.518660059
ATUS,-0.184710999,0.698968803
BY,-0.468574148,0.500166248
GPMT,-0.724156714,1.120273026
PLYM,-0.372757683,0.405708349
SAFE,0.578312312,0.155268591
MGY,-0.682035228,0.764998955
ATNX,-0.493123753,0.428942322
BOMN,-0.139259012,0.526779776
ESQ,-0.422708112,0.275081737
MRSN,0.017451385,3.564326854
NESR,-0.442981728,0.954727603
SSTI,0.077646931,0.371906648
JBGS,-0.202056609,0.012428214
TRTX,-0.707943184,1.201257569
BHF,-0.383889911,0.497931637
CLXT,-0.524964043,0.267267236
CODX,7.512067301,0.220473591
KALA,1.382114081,-0.228669179
PETQ,-0.072655049,0.655187137
RBB,-0.347303382,0.139450776
RDFN,-0.270576789,3.450714783
TYME,-0.2142855,0.109089172
DD,-0.465132857,1.119413519
BPRN,-0.258962407,0.021218372
ASPU,-0.001249419,0.392990378
ACEL,-0.400000736,0.34666645
DMTK,-0.092741121,1.883551982
MBIO,-0.343137539,0.412313646
FLMN,-0.685176386,0.537891198
BKI,-0.099566147,0.521701387
HBB,-0.498231288,0.876094776
HFFG,-0.569743933,-0.103694107
DCPH,-0.338527999,0.386206067
KRYS,-0.21921285,0.387604393
ROKU,-0.346676706,2.795384659
MAXR,-0.317804262,2.617698153
PQG,-0.36554053,0.473394142
SPCE,0.279652948,0.605548285
FOR,-0.503596875,0.949758077
SWCH,-0.024332452,0.143098192
CARG,-0.461625488,0.675294104
MDB,0.037459204,1.629560084
EYE,-0.401172268,1.332131519
CATC,-0.346194873,0.377397608
FDBC,-0.175216886,0.285208071
KIDS,-0.15641687,0.040613354
MBIN,-0.225773869,0.840768781
OPTN,-0.513015041,-0.077951362
PDLB,-0.301360772,0.023369803
RYTM,-0.337108385,0.95335061
CVS,-0.195485042,0.180186698
ALTR,-0.262044658,1.19547063
AQUA,-0.408443476,1.406782911
CNNE,-0.099488396,0.321885856
SAIL,-0.355084332,2.4980305
SFIX,-0.505066048,3.623619775
CEIX,-0.745692793,0.95392814
FNKO,-0.767482859,1.601501558
SPRO,-0.15964652,1.399752031
ESTE,-0.721958985,2.028404614
MCB,-0.441633794,0.346825901
APLS,-0.125081389,1.135126556
XFOR,-0.065420062,-0.357000632
BAND,0.050584669,1.283694968
CBTX,-0.425771415,0.456922184
SBT,-0.468377222,0.055813927
DNLI,0.005165871,3.783554989
NMRK,-0.676700239,0.725665466
LILAK,-0.472764581,0.139244918
LILA,-0.454922667,0.114265173
AMEH,-0.298207345,0.414087136
CASA,-0.144254618,0.762856618
GIS,-0.005504368,0.141852785
LBC,-0.20029886,0.087656423
MVBF,-0.485752449,0.809501405
ODT,-0.149152147,-0.304599856
QTRX,-0.22259817,1.531298963
CURO,-0.562266955,1.762945477
LXFR,-0.230102009,0.195388679
VVNT,0.219251993,0.654705378
LBRT,-0.753596838,2.832718379
ILPT,-0.20638352,0.396003736
ADT,-0.45081955,0.841092596
COLD,-0.023103578,0.11571672
GTES,-0.463662837,0.728995478
AVYA,-0.40074085,1.367118435
AGS,-0.781533129,1.716980416
CUE,-0.106141369,-0.118392728
SLDB,-0.462921451,2.17154227
WHD,-0.660890383,1.276012133
CLNC,-0.68811214,0.903555621
VICI,-0.337083576,0.597398637
PACK,-0.231902605,1.146963854
CDLX,-0.443843223,3.08380669
EOLS,-0.658997394,-0.190362406
LIVX,0.022653664,1.075948689
ZS,0.308817711,2.281468891
DBX,0.010608471,0.225966262
RFL,-0.281950942,0.82045142
BTAI,0.529774458,1.067115865
BWB,-0.292452614,0.28102296
TH,-0.601999635,-0.206030314
FIXX,-0.249275172,-0.273488191
OPBK,-0.274926793,0.065664228
RCUS,0.374257457,0.870318672
ZUO,-0.438241642,0.730435222
SPGI,-0.100284656,0.349270181
EAF,-0.293925977,0.318369054
NVT,-0.335865294,0.420580058
BH,-0.505000056,0.96969613
BFST,-0.456234432,0.537240239
CLBK,-0.149940779,0.080554127
AHCO,0.45719489,1.34750203
DOCU,0.246795061,1.405840917
GSHD,0.052593674,1.826692753
LASR,-0.482741852,2.112486508
LEVL,-0.282591241,0.133653582
CDAY,-0.262374929,1.128219386
SMAR,-0.075913025,0.669238306
CCK,-0.199890111,0.726395839
WRB,-0.243415498,0.280626339
KMB,-0.062595971,0.078603829
SPOT,-0.187963567,1.591076433
EQH,-0.410815381,0.813083998
CPLG,-0.61423213,0.755102264
EVOP,-0.420673422,0.765359845
WH,-0.493233695,0.895466437
GSKY,-0.570786073,0.212041104
FCBP,-0.43710431,0.293165962
INSP,-0.187711079,2.120271215
BCML,-0.470096823,0.258921103
ROAD,0.001185325,0.723505028
STXB,-0.550434208,0.633706442
EVLO,-0.075123095,2.219708818
EXPI,-0.253310204,6.460988631
KNSA,0.399638872,0.141471192
OBNK,-0.463214515,0.388199983
SRRK,-0.081183475,3.007434256
UBX,-0.195561878,-0.096550898
AVLR,0.01842989,1.210323189
RVI,-0.667119334,0.308572481
BJ,0.120052673,0.46368329
BV,-0.344398163,0.367087529
AVRO,-0.227024259,-0.104111972
DOMO,-0.542357779,5.415497985
EVER,-0.235808268,0.422854261
IIIV,-0.324248225,0.739130158
KZR,0.087281901,0.197247697
LOVE,-0.636760111,6.39108273
MGTA,-0.585751754,0.248410778
MGTX,-0.328671635,0.126489444
OPRX,-0.117819269,2.439290168
TBIO,0.224815136,0.848544656
TCDA,-0.417064241,-0.679545081
VRCA,-0.312146201,0.053064848
XERS,-0.723404042,1.523076606
EPRT,-0.464328675,0.688029441
UGI,-0.402236528,0.350317948
KDP,-0.157249468,0.339904973
TENB,-0.087645866,1.390668431
RUBY,-0.531578433,0.705616872
ALLK,-0.533451982,2.146771595
BE,-0.299866702,4.479927383
FOCS,-0.219205855,0.890481834
AFIN,-0.514118889,0.260869996
BRY,-0.731707524,0.526970548
CNST,-0.332837688,-0.083678297
CRNX,-0.414108686,-0.040137028
LQDA,0.101753701,-0.373672547
PRVB,-0.382550143,0.841304284
REPL,-0.305226082,2.826485467
RPAY,-0.020477338,0.898953456
SONO,-0.4571065,1.758256577
CWK,-0.425635683,0.263202689
ARLO,-0.422802372,2.205763626
AMAL,-0.440921722,0.295706617
AMTB,-0.293712507,-0.01234468
MESA,-0.63199094,1.033432675
PCB,-0.429794889,0.065845825
PAYS,-0.491625858,-0.100775649
ELAN,-0.239728949,0.369809176
EB,-0.638076261,1.479451145
FTDR,-0.266554261,0.443644787
CW,-0.34289113,0.265624942
SVMK,-0.24398449,0.89119002
ARVN,-0.019225726,1.10744576
BSGM,-0.292230007,-0.069211126
FVCB,-0.237550288,0.103605048
GRTS,-0.351170818,-0.32302387
STRO,-0.072727857,1.128433745
YMAB,-0.164799986,0.896932094
UPWK,-0.395501297,4.351934529
GH,-0.109290856,0.851724106
ESTC,-0.132037495,1.618349686
ALLO,-0.251731799,0.298351627
LTHM,-0.385965012,2.588572068
PLAN,-0.42251904,1.374419856
REZI,-0.594299731,3.392561073
LIN,-0.182888736,0.541896287
ACA,-0.106948535,0.387228206
YETI,-0.43875848,2.507686403
ETRN,-0.599505168,0.682164964
PG,-0.114024372,0.288461024
SWI,-0.15525615,-0.045946677
AXNX,-0.083003357,0.964578363
BFC,-0.197257248,0.168841374
KOD,-0.337039219,2.079874782
SIBN,-0.444186827,1.502092181
STNE,-0.454248918,2.854848015
TWST,0.456190541,3.620337611
VAPO,0.548519561,0.426449376
DELL,-0.230395341,0.853097362
MRNA,0.531186698,2.488151874
CVET,-0.383333701,2.53071235
ALEC,0.400463626,-0.372979665
GOSS,-0.35060764,-0.04729131
HARP,-0.217039046,0.434369668
SO,-0.141347809,0.173867584
TCRR,-0.457983632,2.996123877
ZYXI,0.406607265,0.215899879
FOXA,-0.356353268,0.242517965
FOX,-0.365110141,0.272616479
OSW,-0.758265143,1.512883562
DSSI,-0.294503735,-0.43607111
CYCN,-0.025735425,0.15471527
DOW,-0.456486081,0.988403827
LYFT,-0.375871514,0.829794778
SWAV,-0.244534966,2.125973623
DTIL,-0.565875135,0.38308293
CARE,-0.609778954,0.167756869
WTRE,-0.417727145,1.36176961
TW,-0.091484283,0.491364868
PD,-0.261222835,1.413193085
ZM,1.147560176,1.308510778
PINS,-0.171673283,3.26813815
MNRL,-0.59654813,0.414037653
CAT,-0.208084686,0.60520537
MNSB,-0.271304275,0.008949309
NGM,-0.333153185,1.457017101
PLMR,0.151911142,0.527511123
SILK,-0.220406053,1.000636817
TPTX,-0.283031135,1.728389595
BYND,-0.11904766,0.876877415
PSN,-0.225775022,0.139238785
UBER,-0.061197437,0.826645382
KTB,-0.530126128,1.136671913
AVTR,-0.311845653,1.253802765
FSLY,-0.054309413,3.603262501
CTVA,-0.200608679,0.668680498
APLT,0.198313706,-0.326704752
CRTX,-0.187566491,-0.390922709
BCO,-0.424903505,0.396269774
FRAF,-0.28365309,0.018063865
IDYA,-0.450667369,2.398058555
NXTC,-0.341913169,-0.705962048
RRBI,-0.334997836,0.336568779
SPFI,-0.256762356,0.233271455
TMDX,-0.364545234,0.647352057
AMCR,-0.240314066,0.496448577
CRWD,0.11650395,2.804239218
CL,-0.030406855,0.311310168
WORK,0.193949835,0.573770777
GO,0.058243107,0.142980061
IAA,-0.363365494,1.168889261
ADPT,-0.071524043,1.12850875
BBIO,-0.172610521,1.452066315
CHNG,-0.390482416,0.866866382
AKRO,-0.044830377,0.216981318
BCEL,0.069813444,-0.024166753
CMBM,-0.359267791,3.47856602
IMVT,-0.019219303,1.967556588
KRTX,-0.044332907,0.410972421
MORF,-0.144521456,1.285424634
PSNL,-0.259632209,3.536554495
REAL,-0.628116949,1.787443147
STOK,-0.191383998,1.704368606
AMK,-0.29738156,0.186855123
MDLA,-0.355833655,0.657686818
HCAT,-0.246397332,0.664628382
PHR,-0.21058548,1.580121917
PROS,-0.395536274,0.315899386
NOVA,-0.097670223,3.481630466
CSTL,-0.132674083,1.252599616
FULC,-0.282451831,-0.019263112
IHRT,-0.56745518,0.775647901
RMBI,-0.360901946,0.356477443
XPEL,-0.31604028,4.145705535
DT,-0.057707441,0.815018094
CFB,-0.417475917,0.279763609
VMD,-0.232258202,0.630250273
TXG,-0.182688722,1.27214337
NET,0.376317725,2.236373838
NVST,-0.495951995,1.2576954
DDOG,-0.047644709,1.735966762
PING,-0.176131399,0.430570617
PNTG,-0.571817055,3.100286661
CRNC,-0.319486777,5.524683501
PTON,-0.065139789,4.714508863
ALRS,-0.270458921,0.691353834
IGMS,0.471435978,0.572394433
OPRT,-0.556722624,0.836019271
SWTX,-0.298518753,1.685925876
BRBR,-0.199154398,0.425806968
PGNY,-0.228050944,1.000473151
BRC,-0.208744854,0.188701718
APRE,-0.242536703,-0.858457798
BRP,-0.342678975,1.840758252
FREQ,0.015972103,0.979783074
HBT,-0.440124053,0.489955929
MCBS,-0.324936925,0.257447841
OYST,0.432078402,-0.462285791
PHAT,-0.170842179,0.286600104
RAPT,-0.229626855,-0.071464335
RLMD,-0.125385188,-0.059807261
VIR,1.72524787,-0.218559347
BRMK,-0.395878017,0.435758064
SI,-0.400377429,6.789315359
ETNB,-0.039558545,-0.034851652
SITM,-0.146274135,4.141488457
BILL,-0.101182884,2.99123123
GRWG,-0.070731508,9.556429482
SPT,-0.005606841,1.845238863
FMC,-0.177218697,0.424915649
BDTX,#VALUE!,0.284569755
ONEM,#VALUE!,1.404958984
REYN,#VALUE!,0.044159836
ARQT,#VALUE!,-0.056040582
DE,-0.198199655,0.969053557
BMY,-0.12543267,0.147370796
WBA,-0.216291852,-0.09721621
BA,-0.538758479,0.43529581
IVZ,-0.484122545,1.005642006
VVI,-0.684000158,0.703721135
WEN,-0.325772781,0.48481952
MTZ,-0.489869766,1.083101556
SNV,-0.543623104,0.921612879
RAMP,-0.315164712,1.223268926
CR,-0.427052434,0.613300459
CVBF,-0.062847401,0.010194072
JEF,-0.355449883,0.845633835
ABT,-0.087773459,0.402723818
CACI,-0.155366533,0.180820605
CALM,0.028772345,-0.146430467
CRS,-0.606305267,0.537831009
CAMP,-0.530272039,1.204443405
CWT,-0.019724983,0.088292684
AJRD,-0.083881556,0.263448101
AAL,-0.572734092,0.293681512
GCO,-0.721619493,1.255619197
FOE,-0.368846531,0.563034208
LMT,-0.12386558,0.067796808
WRK,-0.33220196,0.568947008
NEM,0.045339107,0.342151621
CAH,-0.04268342,0.149638026
IP,-0.314622087,0.661150689
CASY,-0.165020017,0.356311614
EXC,-0.185422586,0.181327032
CNP,-0.426306716,0.432226247
IDA,-0.172297353,0.118632822
PFE,-0.158420743,0.21493197
EMR,-0.370290597,0.723993409
JNJ,-0.094698801,0.224778458
GLW,-0.287894294,0.792065863
PPG,-0.370678381,0.747958298
PPL,-0.300585098,0.196029936
MMM,-0.218600003,0.315205661
MRK,-0.147334362,0.088010938
MSI,-0.171155801,0.295890612
CMD,-0.492836229,1.196654682
FE,-0.168293108,-0.207045472
CPK,-0.101377752,0.280937061
CMS,-0.05878081,0.059707925
EAT,-0.704999655,3.710243759
CHD,-0.084424363,0.370645329
CINF,-0.276747577,0.185921002
WEC,-0.037908091,0.065575792
TXT,-0.401569332,0.815004581
CTAS,-0.356251368,1.060684924
PEG,-0.231159983,0.333909923
CIA,-0.034074514,-0.121165558
HAL,-0.712709372,1.785649646
MDU,-0.269354213,0.258048238
XEL,-0.043471078,0.127406712
ETR,-0.20936949,0.091674194
EVRG,-0.146489479,0.036166599
AEP,-0.147104216,0.068237449
NEE,-0.000856262,0.302631479
ALE,-0.245742082,0.054757323
ASH,-0.343232023,0.600021991
EQT,-0.348060956,0.797737286
OGE,-0.303131421,0.075771063
CDE,-0.602722593,2.224300284
PBI,-0.486395638,2.13868199
COHR,-0.360324778,0.409830242
NOC,-0.116887612,0.020683378
AVA,-0.10885937,-0.025316406
AEE,-0.045246823,0.093274568
CMA,-0.581602824,0.996326284
CBSH,-0.254930724,0.388340996
OKE,-0.708174813,0.935981253
HSC,-0.697087882,1.579628384
CPB,-0.059209516,0.070191595
WHR,-0.412964924,1.15241877
JCS,-0.273905768,0.028704545
CAR,-0.568857934,1.683451607
LHX,-0.085409197,0.064638235
NFG,-0.18940693,0.139095448
F,-0.471812824,0.819876678
DOV,-0.268260115,0.524600861
CMTL,-0.624233158,0.585688012
DIS,-0.332089684,0.875567496
BH,-0.550777344,1.163424704
SJI,-0.233020191,-0.102042649
CTO,-0.245240415,0.218098652
L,-0.335535794,0.299186945
K,-0.124349303,0.064211862
CSL,-0.223239035,0.261424541
CLF,-0.525743258,2.736571667
CTB,-0.429391189,1.508995731
CUZ,-0.284529132,0.191505076
CBRL,-0.454095444,0.600606748
R,-0.505998026,1.429301059
AVT,-0.403629206,0.429289423
HPQ,-0.146656407,0.455449339
BAX,-0.026500799,-0.003064644
CFR,-0.42426561,0.607964259
DUK,-0.104116349,0.170350738
XRX,-0.479522542,0.274582317
PNW,-0.150482745,0.086464392
NC,-0.399765391,-0.037387707
APD,-0.144857418,0.389338279
MUR,-0.768234792,1.037699545
VNO,-0.450024758,0.080046999
HES,-0.497829004,0.610255438
CTS,-0.16927647,0.386144758
ALK,-0.576656026,0.826482796
NBR,-0.861076037,1.985388095
ARW,-0.387892382,0.875842203
AIT,-0.31072079,0.731381047
COHU,-0.456617402,2.084005452
CMC,-0.286833764,0.325882099
OMC,-0.314366223,0.176822374
FLS,-0.515973721,0.573179935
EML,-0.358525154,0.255626664
HL,-0.462389575,2.571128457
HEI,-0.34595903,0.775983806
HP,-0.648884147,0.572383709
HFC,-0.511640502,0.098236851
HRL,0.039003366,0.013727336
HUBB,-0.218483461,0.393684778
ATO,-0.107969223,-0.021002838
ENZ,-0.038022302,-0.003952564
ESCA,-0.381993271,2.653679593
BOOM,-0.485201799,0.879618181
MAS,-0.277594951,0.602116241
FARM,-0.537848159,-0.329022854
NPK,-0.137722827,0.248835873
NR,-0.85693758,1.140471402
FITB,-0.508132947,0.923106979
NUE,-0.352833732,0.515866776
OXY,-0.699830244,0.497993506
OXM,-0.516662136,0.839132772
RF,-0.468239642,0.864401968
PKE,-0.168964267,0.092078533
CLGX,-0.297998338,1.566519105
TRMK,-0.319060294,0.206101117
MTB,-0.385917851,0.268712512
FFBC,-0.407371171,0.233545509
FMBI,-0.419990669,0.242098222
ROG,-0.243005475,0.644672723
ROL,0.093360233,0.633046547
SEB,-0.337814525,0.080061931
SRCE,-0.370592439,0.27239143
FHN,-0.504226816,0.651721691
SHW,-0.210488653,0.608986811
SCL,-0.13378569,0.359464038
FSTR,-0.362229263,0.217637714
FELE,-0.175307771,0.480210765
BEN,-0.347190002,0.553847947
FUL,-0.456531304,0.879116277
WEYS,-0.228355752,-0.183178996
AJG,-0.139345949,0.536804365
WMB,-0.386592769,0.505663427
SPB,-0.429873171,1.220152119
GNTX,-0.232380796,0.552261071
WFC,-0.459882709,0.080202416
NI,-0.096118748,-0.05711628
SKY,-0.505362428,0.973213965
SMP,-0.214463873,-0.021445673
APA,-0.835166598,2.41702614
MAT,-0.349816015,0.980704416
GGG,-0.05979897,0.49965553
BDX,-0.15225931,0.099943921
B,-0.322875413,0.226107132
GTN,-0.402113349,0.406574038
WY,-0.427483756,0.98819865
DXC,-0.647246513,0.973180282
IFF,-0.202991424,0.087134378
DBD,-0.666667273,2.028407919
TJX,-0.213988507,0.428361362
CMI,-0.23730113,0.711852423
HE,-0.074229069,-0.155447012
AMOT,-0.510721656,1.161024614
HVT,-0.400297552,1.564618194
HWKN,-0.217823583,0.491122494
HCSG,-0.009673095,0.207165357
PH,-0.36669054,1.126079958
HELE,-0.198898829,0.542666345
IIN,-0.346111028,0.537808843
WMK,0.037458602,0.168745981
PKI,-0.22412978,0.909843868
WWW,-0.546532182,1.079179386
HNI,-0.321302551,0.40933239
NEU,-0.209138544,0.056025037
SJM,0.075083225,0.065463853
MDP,-0.615154483,0.571195547
JBHT,-0.208013344,0.490785535
HBAN,-0.445623513,0.60836634
HURC,-0.238008365,0.040233105
ATI,-0.588576592,0.972940411
SWK,-0.392481895,0.80907487
MCD,-0.157864396,0.321880479
SXI,-0.380088429,0.599079522
VFC,-0.452537918,0.611838514
IHC,-0.392585297,0.624274287
KMT,-0.491625018,0.985119597
ES,-0.073968367,0.128543182
TFX,-0.221237726,0.409131848
AVY,-0.216862674,0.543452118
ADP,-0.193020543,0.312373239
TILE,-0.54038594,0.394194291
CVM,0.261203157,0.010398026
DIOD,-0.279138113,0.734958846
IDCC,-0.175761724,0.384439291
JCI,-0.33136857,0.762141732
IVC,-0.174935523,0.20657842
MMC,-0.220790585,0.371107506
SWKS,-0.257341753,0.72882631
WSO,-0.131765024,0.498103427
SFE,-0.494535505,0.149549944
GFF,-0.375084418,0.630073969
CLX,0.1359742,0.184050882
GPC,-0.35874926,0.529591325
CBT,-0.445190245,0.766270542
HST,-0.394069772,0.325180588
KLAC,-0.188780879,0.824372396
RAD,-0.030380768,0.055332313
KAMN,-0.413380485,0.505103452
KELYA,-0.43545995,0.62096174
NYT,-0.043892456,0.693634638
EBF,-0.123207178,-0.011129893
CNA,-0.267813926,0.298908829
CBB,0.398281207,0.043715114
FSS,-0.151628688,0.225435272
KBAL,-0.419448745,0.02748431
ABM,-0.35401698,0.577665563
SGC,-0.369986353,1.783532615
JPM,-0.34976945,0.451152232
TGNA,-0.345117434,0.306828163
LZB,-0.342757769,0.949807311
LRCX,-0.175274097,0.987983887
MCO,-0.107057883,0.380513746
LANC,-0.092192069,0.286219935
HUM,-0.141534324,0.312589233
UNP,-0.215133049,0.499326606
LAWS,-0.48713991,0.905314345
LNC,-0.550699244,0.976042043
TGT,-0.270215838,0.924877882
ALX,-0.153024883,0.057645603
HRB,-0.389267687,0.184337387
DDS,-0.495100883,0.72743588
BK,-0.326184193,0.293048413
DHR,-0.097015332,0.609220452
PCH,-0.265310972,0.638884561
RRC,-0.529896674,1.93859609
LEE,-0.307746548,0.281791551
TPC,-0.477449981,0.927082396
TDW,-0.632780334,0.220337545
MGEE,-0.165268834,0.08715231
LLY,0.061660315,0.235361803
SMTC,-0.291115417,0.922402719
WGO,-0.474031099,1.169278603
MTW,-0.514285705,0.565881891
TER,-0.204250203,1.221320045
MCS,-0.609745543,0.094155243
SCI,-0.146208861,0.272670767
MLP,-0.028443763,0.054895483
SYY,-0.46364288,0.6678825
MKC,-0.168031056,0.373239258
RHI,-0.398185347,0.685721882
GENC,-0.100256846,0.171429567
J,-0.115742804,0.383480133
THC,-0.62135168,1.772915103
WRE,-0.17169342,-0.054981975
EFX,-0.144733376,0.626040192
GWW,-0.262113703,0.663836862
LEN,-0.313999736,1.011120692
HRC,-0.111952071,-0.019424528
MCY,-0.151446403,0.33783408
HAS,-0.317985371,0.342930401
IPG,-0.290766657,0.512685641
MLAB,-0.092857561,0.270153486
BMI,-0.172164518,0.768713687
MEI,-0.326079711,0.464548831
GHC,-0.464539698,0.580914208
SIEB,-0.165317609,-0.418282598
GRC,-0.163961244,0.054331917
MU,-0.217925107,0.787446621
MSEX,-0.05019515,0.21964282
MLHR,-0.463718524,0.530531829
PHM,-0.421649502,0.95004773
SJW,-0.182772704,0.218830553
MSA,-0.196349113,0.490857643
AIR,-0.603849172,1.039410302
MOD,-0.577922096,2.864616449
TRN,-0.267710971,0.691384222
MNR,-0.157854838,0.490116956
SPXC,-0.35849053,0.670958367
PNM,-0.2463919,0.303831606
MTRN,-0.409672353,0.831484335
WMT,-0.039380939,0.283973921
NSSC,-0.483838001,0.728408434
LPX,-0.41801353,1.195691598
CAG,-0.137576471,0.260400212
ITW,-0.202862202,0.45997858
NWLI,-0.408691306,0.202552673
BRT,-0.383028529,0.563644018
NATR,-0.089585363,0.838867556
TRC,-0.120150248,0.027737991
GLT,-0.327042179,0.388068817
BLL,0.001974285,0.449064852
NKE,-0.181060683,0.721153827
VSH,-0.318694528,0.4616355
NDSN,-0.168365543,0.496767083
JWN,-0.616173673,1.034547317
AFL,-0.348511274,0.327239205
VXRT,4.049931084,2.225994725
NTRS,-0.283132896,0.265808331
TEX,-0.513767484,1.429661767
NWN,-0.15703525,-0.234885362
FRT,-0.41225848,0.18618292
GPX,-0.507936185,0.821812528
LUV,-0.336976688,0.30890183
RBC,-0.261184433,0.96866706
LNT,-0.111857832,0.090481397
NEWT,-0.39735045,0.620836605
OII,-0.802817257,1.704079669
GPS,-0.596263602,1.953545104
KEX,-0.514464944,0.19231629
AXP,-0.310037733,0.432247297
ODC,-0.069938353,0.041756487
TAP,-0.265677293,0.158419923
UDR,-0.211965207,0.084746692
INTC,-0.090364587,-0.062276163
ORI,-0.308895965,0.341897447
BAC,-0.392107009,0.457873159
TRV,-0.268564738,0.443283555
SXT,-0.336435281,0.731690293
VIRC,-0.504717153,0.204762268
OLP,-0.471129584,0.552797893
LDL,-0.685185509,3.648600462
MDT,-0.200352352,0.3209788
OTTR,-0.126566511,-0.015072999
OMI,0.770309478,1.957823764
SNA,-0.352822089,0.608507964
PNC,-0.395721378,0.606715393
GHM,-0.406508715,0.205185701
PCAR,-0.223483545,0.439634794
TTC,-0.179866636,0.470967275
FDX,-0.193770765,1.161904888
AFG,-0.358231792,0.305699835
ADI,-0.241335077,0.672678355
LEG,-0.467243915,0.710941359
NWL,-0.298754137,0.667870472
PAR,-0.581652522,3.882582689
SWX,-0.076660426,-0.104244405
AMD,-0.008285908,1.016490909
PKOH,-0.434277614,0.638727304
DCI,-0.326450251,0.46461643
LOW,-0.278079772,0.889172845
PATK,-0.458133918,1.460627575
BIO,-0.055202621,0.665704886
HXL,-0.491368213,0.303845393
PAYX,-0.254940379,0.517865019
AON,-0.206060423,0.289342489
DLX,-0.475889393,0.16607164
BKH,-0.178705661,-0.013661094
RAVN,-0.381369549,0.577172917
TMO,-0.12635846,0.644978019
CSX,-0.205203186,0.5995294
BXMT,-0.483073793,0.594488562
GL,-0.31506738,0.328625074
PDCE,-0.762705298,2.305954108
GTY,-0.266504236,0.208106517
WST,0.013811841,0.864651135
AGYS,-0.342779275,1.298203703
DCO,-0.508212757,1.160963042
BRO,-0.080760362,0.316814598
NRT,-0.545472681,0.178735426
POWL,-0.471940563,0.183005138
SWN,-0.301652848,0.763314261
TDS,-0.334250686,0.138095639
CI,-0.133356952,0.174963095
CHE,-0.013039459,0.231984229
LB,-0.353193902,2.217126267
NSC,-0.244049765,0.649799366
PGR,0.049738219,0.343788662
NJR,-0.230816238,0.079533825
PSA,-0.057991309,0.195665601
PCYO,-0.114376968,0.007176451
AGX,-0.133651469,0.379051415
STZ,-0.209128031,0.491153891
KWR,-0.230652654,1.019815405
D,-0.11787042,0.075239065
NXGN,-0.350342073,0.747125606
KEY,-0.478507913,0.65012079
RLI,-0.020421795,0.206535685
UNF,-0.250718115,0.406554118
RPM,-0.220946762,0.547667739
MYE,-0.347421902,0.983668998
AOS,-0.201878209,0.472731229
COO,-0.14191601,0.318095001
USLM,-0.180545863,0.55192637
TISI,-0.592986804,0.676923027
VZ,-0.115864435,0.129257746
T,-0.24378364,0.04075142
USB,-0.411874195,0.396320514
HD,-0.138152818,0.447008724
MDC,-0.386932945,1.148918945
SLM,-0.189674592,0.741202818
WSO,-0.114716382,0.471856751
WDC,-0.33925196,0.345291217
RES,-0.606870231,0.529124335
AIG,-0.521332724,0.609078389
ITI,-0.358717659,0.765626211
UTL,-0.148039187,-0.131803743
BIG,-0.49442895,2.082398786
PEAK,-0.300002493,0.320474616
RGLD,-0.280793456,0.220704784
CMO,-0.450757488,0.496729463
WRI,-0.525448213,0.575231814
SEIC,-0.292302686,0.256111612
SIGI,-0.234469946,0.364295499
WTM,-0.183332808,0.099626629
REX,-0.432527549,0.579660269
MS,-0.33044435,1.062928038
SBCF,-0.401046862,0.60841011
RJF,-0.289402894,0.529642831
STZ,-0.24119276,0.546460264
HOG,-0.480774675,0.943179149
KBH,-0.470383205,0.869583488
BDN,-0.323938302,0.197016079
TOL,-0.511573155,1.280976489
C,-0.469161573,0.512988213
ECL,-0.190112984,0.398084318
EQC,-0.034114222,-0.026633506
UNM,-0.479756598,0.604450966
SON,-0.242329085,0.309001744
Y,-0.290430828,0.092949212
AWR,-0.052799092,-0.014914768
TFC,-0.447073662,0.606831714
INS,-0.148973244,0.180053241
STAA,-0.082741362,1.45567517
NHC,-0.16406267,-0.051418253
STT,-0.319974612,0.39942647
UHT,-0.135182618,-0.342107113
STC,-0.338808932,0.853990033
SF,-0.317247802,0.850806845
SYK,-0.204224841,0.484378891
RGR,0.086328099,0.396275944
SSY,-0.36429844,0.867099754
VOXX,-0.349315006,3.47719067
BKR,-0.586919655,1.052209459
INT,-0.4177799,0.252162493
VIACA,-0.597281605,1.171687483
ABMD,-0.149070223,1.233400081
CCL,-0.737029353,0.644647425
MBI,-0.232257522,-0.078431094
PII,-0.522992132,1.017241485
SCHW,-0.289980377,0.599453301
VGR,-0.281553359,0.309449005
PXD,-0.532932746,0.651038326
DX,-0.364060128,0.844534216
AB,-0.368485807,0.94832065
MAN,-0.454273493,0.752001346
USM,-0.191553886,0.047798137
DRE,-0.059292321,0.258771223
MTH,-0.402552451,1.268421638
RPT,-0.584441498,0.434494959
TNC,-0.254002018,0.223232605
MIDD,-0.480643291,1.266526413
ADBE,-0.035080335,0.571518392
MRTN,-0.043275449,0.304231639
NBN,-0.46946107,0.934436192
ODP,-0.395092583,0.786587947
IEX,-0.194584676,0.455502875
CRUS,-0.203615832,0.252475692
FRME,-0.356816017,0.451569545
NLOK,0.200277674,0.131279813
TG,-0.295302006,0.481313758
CGNX,-0.245679528,0.953956371
TECH,-0.134702568,0.680560917
ISDR,-0.238665743,0.967416345
VTR,-0.522125148,0.889382698
EOG,-0.569464784,0.425972021
EA,-0.068272409,0.435260862
DGII,-0.461624917,0.981131869
STAR,-0.263947277,0.437395252
ZIXI,-0.364307514,1.002319711
LSCC,-0.068964811,1.571267188
IMGN,-0.332027625,0.891494784
GIII,-0.770149075,2.083121164
GSBC,-0.345296051,0.24061883
PTC,-0.182667346,0.954089333
NEOG,0.026509251,0.183759292
HALL,-0.770062845,-0.118811792
BLFS,-0.412855229,3.198942993
CSCO,-0.174117842,0.168431933
THO,-0.432225317,1.24690276
COG,-0.005629307,-0.037685439
HOLX,-0.327714287,1.074926832
JOE,-0.153806816,1.535163034
VICR,-0.046660522,1.070496574
GVA,-0.446693508,0.793267877
KMPR,-0.036205758,0.046146481
TYL,-0.011532431,0.471945103
XLNX,-0.199289844,0.837927815
BHE,-0.413562242,0.3801205
VIAC,-0.660471444,1.727379318
TRMB,-0.236507639,1.09770766
EXPO,0.044776887,0.260885842
PRK,-0.231053701,0.400489677
MTRX,-0.586101168,0.163676323
AN,-0.422990664,1.48717027
MMSI,0.000961137,0.776322692
VERU,-0.023880159,1.645259014
ESE,-0.179351586,0.364870835
CATY,-0.390771998,0.452734878
CVA,-0.407007607,0.574001029
NRIM,-0.286162052,0.305230193
MLI,-0.242834625,0.481748974
DORM,-0.270073727,0.570834638
QDEL,0.303612443,0.83672372
PSB,-0.171650171,0.004574961
AZO,-0.289857488,0.401231839
REGN,0.300441021,-0.010609675
X,-0.4462868,1.66626701
IONS,-0.217348651,0.195854266
RDNT,-0.482265325,0.862035388
HWC,-0.548997555,0.804570635
LCUT,-0.181946301,1.746836
ATGE,-0.233914827,0.267264141
IDXX,-0.072338418,1.063531553
RGS,-0.669278082,0.554991808
AES,-0.311651448,0.776016856
CRVL,-0.376029819,0.944598903
STFC,-0.100902566,-0.349753834
DIN,-0.647509891,1.022316005
ALKS,-0.293137259,0.383496168
VRTX,0.086778581,-0.006766122
MNRO,-0.43695645,0.232385836
PRGS,-0.226435648,0.430343038
TVTY,-0.69083303,2.114469422
ZBRA,-0.281239798,1.093300315
EZPW,-0.388563501,0.148680807
MTG,-0.549635162,1.013899304
HAE,-0.13263681,0.19155207
PRA,-0.299668569,-0.281645752
FIZZ,-0.164052883,1.131302142
BIIB,0.066222761,-0.226056634
FCFS,-0.10713415,-0.01135214
AAON,-0.022060044,0.387796114
BOKF,-0.509613572,0.652633207
STRL,-0.325284691,0.958946908
TRNS,-0.168236076,0.308678976
NTN,-0.309091124,0.473686009
ODFL,0.038677027,0.490665311
NHI,-0.378712557,0.471270325
ATNI,0.063007063,-0.281378706
WRLD,-0.367940006,0.871819787
WNC,-0.508509086,1.442865429
HMN,-0.155062583,0.177075393
KIM,-0.533075886,0.623320016
OI,-0.401265143,0.673702634
JBSS,-0.020595252,-0.079742823
AMSC,-0.30191104,3.273719246
QCOM,-0.226226675,1.290187015
PRGO,-0.064974145,-0.057864299
TTEK,-0.178842844,0.648381734
WETF,-0.515037602,1.354165031
OFC,-0.237407265,0.217798867
GILD,0.160972719,-0.196083691
MSON,-0.493820775,0.326962931
SMG,-0.030322163,1.024867636
ROP,-0.118571278,0.388173742
SCHL,-0.334043661,-5.64E-05
SNPS,-0.074784479,1.012888823
ELY,-0.517640411,1.350846878
THFF,-0.253276876,0.168400405
NBTB,-0.195030434,0.017538737
ICUI,0.078292845,0.063042285
JACK,-0.545687332,1.671972124
M,-0.688970612,1.291244155
MHK,-0.440973844,0.848766184
CNR,-0.464159972,1.035091854
ASUR,-0.271393697,0.191276582
TRST,-0.368152472,0.27532785
AGCO,-0.386730301,1.196836313
RNST,-0.37718823,0.581076392
STBA,-0.316140201,-0.054890688
BKE,-0.460778013,1.326359673
ARCB,-0.36265437,1.454662146
BSX,-0.278416738,0.101747279
KSS,-0.69982341,1.788897015
OLED,-0.359780443,0.748149788
USPH,-0.393791018,0.742755116
FC,-0.517840228,0.433076805
FCF,-0.364218016,0.243288698
STE,-0.079540296,0.363622593
BBBY,-0.746821012,3.218527341
CACC,-0.421947142,0.353749715
DHI,-0.353332772,1.044379035
COLB,-0.331359715,0.380666666
FCEL,-0.39840653,6.397353781
SBUX,-0.24836617,0.651362483
TSN,-0.360409807,0.136343958
CENT,-0.114901701,0.403998872
WIRE,-0.268196697,0.444792741
STRS,-0.428986226,0.441492305
OHI,-0.363308851,0.462154662
LTC,-0.299748415,0.319767688
CAKE,-0.551209251,1.169790065
ASGN,-0.502325123,1.364949517
LFUS,-0.300464935,0.923258988
BLX,-0.507390206,0.628322307
MTX,-0.370112813,0.71818222
PDCO,-0.244599228,1.005412507
RDN,-0.482264907,0.599296125
UFI,-0.542755389,0.535928826
KAI,-0.28981266,0.902081002
LGND,-0.302713619,0.367573961
SM,-0.891458846,4.060017664
UVE,-0.354055371,-0.125001412
OPY,-0.277295525,0.665348272
DDD,-0.118857149,0.359271947
UFCS,-0.246741104,-0.203750699
OFIX,-0.39346067,0.534452477
SPNS,-0.17304434,0.618938443
UMBF,-0.319785147,0.512889168
IAC,-0.280518218,2.314512561
CREE,-0.231636054,1.986463683
CRY,-0.37541541,0.3953899
NATH,-0.13432858,-0.077391487
PEBO,-0.35425705,0.28211578
RCKY,-0.33872784,0.476085939
UEIC,-0.265786318,0.36721323
SITC,-0.614122823,0.952017252
ELS,-0.178541563,0.120556324
ALG,-0.292133292,0.559539034
AVID,-0.215617201,1.358097168
CHS,-0.637795157,0.232558783
INTU,-0.120243996,0.660734207
LSTR,-0.141390563,0.411463935
MCHP,-0.349939643,1.057303617
SCVL,-0.441543805,0.905626159
SYBT,-0.288846287,0.429280923
CHDN,-0.249635184,0.898125202
SGA,-0.084540255,-0.126862117
ETH,-0.456826905,1.040569029
CB,-0.27765668,0.402977561
BANF,-0.4604421,0.798054578
FOSL,-0.582486913,1.63525705
JBL,-0.403790147,0.74259859
ORLY,-0.313078871,0.503302756
SANM,-0.203270518,0.168987903
TCBK,-0.263905863,0.209849686
ATR,-0.136393494,0.388528212
RCL,-0.753202092,1.321727524
ANIK,-0.442430458,0.565547756
GABC,-0.224459858,0.228246984
RGA,-0.481033328,0.407183245
HR,-0.155700052,0.092274318
AKR,-0.510991486,0.145277052
RIG,-0.831395133,0.991378371
SKT,-0.652320262,1.08669781
THRM,-0.292633939,1.077072144
BBSI,-0.558478979,0.747760409
PZZA,-0.151567956,0.602563266
ALL,-0.180075,0.218417142
SGMS,-0.637789277,3.277314624
AZN,-0.084864331,0.128339253
TALO,-0.809286572,0.433044024
CPT,-0.24533426,0.294989797
WINA,-0.356634926,0.487416038
MCRI,-0.421833395,1.180974482
BWA,-0.435198225,0.607620732
EQR,-0.229949385,-0.008167858
BFS,-0.373032208,0.021736573
CASH,-0.403725107,0.694577798
MOV,-0.456301422,0.406091909
UHS,-0.308238032,0.387767282
BDC,-0.343091628,0.166351388
ATVI,0.001009482,0.571071877
DECK,-0.206442711,1.140148743
IT,-0.353861616,0.608818707
QCRH,-0.381441202,0.470753853
RVSB,-0.385622817,0.081656624
AUB,-0.411874841,0.549537833
BYD,-0.518370005,1.976417692
LXP,-0.055084941,0.102026571
UTMD,-0.125764118,-0.094633751
REG,-0.384560382,0.236764215
NVR,-0.325411316,0.588042173
CNTY,-0.695707222,1.651452233
FFIN,-0.231908587,0.365059694
ITRI,-0.334961595,0.717714326
FWRD,-0.273338943,0.531608788
OSBC,-0.486590648,0.466900219
PTEN,-0.772381225,1.275618031
NYCB,-0.20651675,0.184422999
ROCK,-0.149087441,0.67614388
VSEC,-0.567891795,1.373157862
SCHN,-0.391681223,1.522152481
UFPI,-0.21825496,0.504416212
VIAV,-0.252666905,0.335858949
URBN,-0.487216445,0.797751084
INCY,-0.161361047,0.187763463
MHO,-0.579923875,1.679371261
CMCT,-0.229999924,0.309671319
SHOO,-0.456405107,0.520448172
UFPT,-0.232211133,0.223418049
MED,-0.419328458,2.207130021
ARWR,-0.546429355,1.667016056
VLY,-0.351965112,0.389774254
EMN,-0.403987377,1.206697339
SPG,-0.625429706,0.644450992
SUI,-0.162958496,0.237426468
VMI,-0.289424477,0.667414023
HAIN,0.000577925,0.546013756
AGM,-0.345327235,0.416936167
VALU,0.125782574,0.04277564
MAA,-0.212945809,0.261762457
ALB,-0.22295903,1.648279059
BZH,-0.54423267,1.352481365
MLM,-0.321672551,0.512424925
RYN,-0.272894412,0.28573291
BPFH,-0.398341614,0.224786642
DAKT,-0.182266672,-0.050710089
DSPG,-0.148665663,0.238059869
TSCO,-0.091563262,0.676684808
RGCO,0.019241648,-0.159856214
BCRX,-0.420289303,2.725002822
CPRT,-0.246536828,0.857122875
MPAA,-0.428961012,0.559619581
NNBR,-0.812972832,2.797690171
SCSC,-0.421109552,0.233285562
ZEUS,-0.421475187,0.294345942
AVB,-0.290606326,0.124064748
MAC,-0.783180435,1.091212025
ADC,-0.109520505,0.105863391
EXP,-0.355615315,0.737694344
AEO,-0.454019689,1.585786861
SMBC,-0.364418175,0.27625855
ABCB,-0.437940806,0.629474542
NKTR,-0.17303707,-0.047619099
PENN,-0.505086516,5.827668276
SSD,-0.227471179,0.519746099
IMAX,-0.557023721,0.991160463
LJPC,0.068702145,-0.07619107
ESS,-0.261059793,0.108647619
FR,-0.193447867,0.291711566
HIW,-0.268066637,0.161870048
AIV,-0.313625188,0.376461985
GBX,-0.446844774,1.122239237
MATW,-0.362689433,0.249616771
GEO,-0.243908236,-0.179324725
CLI,-0.335550486,-0.160283199
ADTN,-0.214770762,0.968009442
AMED,0.099568605,0.59817857
MLR,-0.233503321,0.366947545
VLGEA,0.059483443,-0.064418645
RS,-0.263401587,0.391518912
SIRI,-0.307640724,0.2982764
DAR,-0.317307992,2.008870013
AZPN,-0.213843322,0.370043047
USX,-0.335984382,1.047905329
O,-0.315456982,0.291991702
COF,-0.507836708,0.977218313
MCK,-0.019255581,0.295687182
UHAL,-0.226890905,0.571502797
NWBI,-0.294752684,0.161578353
VECO,-0.348315004,0.814002618
NSIT,-0.400625664,0.806076866
RCII,-0.504827136,1.814797297
BRKS,-0.270733613,1.237733193
ACIW,-0.362544201,0.591305761
WDFC,0.038272122,0.336057543
DLTR,-0.218819448,0.470530172
NATI,-0.213662474,0.356258437
ABC,0.046115845,0.119056293
WAFD,-0.286482482,0.018843978
CBZ,-0.22403612,0.271987586
COOP,-0.414069133,3.233286964
CWCO,0.01134916,-0.249625077
HLIT,-0.261538295,0.282987107
DRI,-0.496636855,1.194431497
SYX,-0.24999983,1.174730941
HA,-0.641515821,0.695401306
LSI,-0.118545681,0.304190508
WAB,-0.380282168,0.52911625
LECO,-0.281608831,0.711078535
DISH,-0.436425205,0.617807295
RMD,-0.047227217,0.452459464
SBGI,-0.511697444,1.035986895
FCX,-0.483200592,2.854813234
SVC,-0.772497462,1.136986541
WABC,-0.127042197,-0.038936924
IART,-0.233527971,0.453324699
KFRC,-0.350881746,0.675552491
RWT,-0.674728245,0.827729274
NOVT,-0.096789325,0.479970159
MD,-0.581144143,1.108246153
ACGL,-0.336441868,0.26739107
SENEA,-0.024761762,0.003016487
THG,-0.332479857,0.315966008
RE,-0.299342105,0.243863892
DVA,0.013727967,0.543517488
ERIE,-0.101812573,0.694019773
MYGN,-0.474477246,0.381900457
POOL,-0.070910826,0.903694563
RICK,-0.511707458,2.976238072
CCF,-0.305451851,0.236756439
AEIS,-0.31896035,0.999790086
OPK,-0.088435093,1.9477612
FFIC,-0.37190472,0.309854014
BANR,-0.400182366,0.455627022
HSIC,-0.24280622,0.323435358
NTAP,-0.324261844,0.641457591
NWPX,-0.33203241,0.271911674
MLSS,-0.100718691,0.696001849
SAM,-0.02723274,1.705110135
EL,-0.226509995,0.677814303
SWM,-0.326982689,0.506380822
WAT,-0.220843047,0.35907874
TGTX,-0.113513208,4.286585636
CTXS,0.279531094,-0.073888173
EME,-0.288763324,0.496897529
AMRX,-0.278008611,0.313218829
NUAN,-0.058889805,1.627531323
HIG,-0.41633518,0.423344549
MSM,-0.240302975,0.652362359
NVAX,2.412061302,7.211347231
SCCO,-0.32768313,1.364322696
REV,-0.489729049,0.086917368
WSM,-0.417059145,1.441096827
ALXN,-0.169764602,0.740060963
ANDE,-0.251385277,0.344901553
CMCO,-0.374263032,0.545624509
CSGS,-0.187234005,0.094951682
IRM,-0.233809373,0.324500174
LNDC,-0.231653435,0.248562663
OVBC,-0.238503447,-0.189918227
GEF,-0.286651133,0.560225753
CENX,-0.518297156,2.046960988
GEF,-0.213443734,0.264007825
HUBG,-0.113472945,0.253572713
TCX,-0.218840264,0.531079403
KVHI,-0.152740682,0.203605809
EPM,-0.504570109,0.123771687
SASR,-0.396493428,0.472305122
SYKE,-0.266828624,0.389012111
TUP,-0.811188578,18.99384721
ARTNA,0.011872413,0.013110993
FCN,0.082324025,-0.067213064
NBIX,-0.194808914,0.107451924
PFBI,-0.308158711,0.111782116
FDS,-0.025770729,0.284469993
WOR,-0.371977551,0.990104246
ANSS,-0.096888025,0.564933502
CNOB,-0.475457879,0.497723252
CASI,-0.339805717,0.446080239
TBI,-0.469659107,0.464734786
QGEN,0.230768451,0.270432124
RUSHB,-0.330313811,0.883435792
RNR,-0.236455729,0.117421037
WHLM,-0.132850243,0.278550344
CASS,-0.386386769,0.129571416
GERN,-0.124999533,0.336135039
OCFC,-0.371874176,0.208901137
PEGA,-0.10533665,0.872281131
STRA,-0.116677745,-0.306596983
DCOM,-0.338229055,0.185393927
GES,-0.697497721,2.390332128
MMAC,-0.222327084,-0.005257517
CSV,-0.366903888,0.961965375
LAMR,-0.414296202,0.657262704
SRCL,-0.238677968,0.427131704
TTEC,-0.06461412,1.05931816
SPPI,-0.359890183,0.463519202
WLFC,-0.548463756,0.145112093
ANF,-0.462695167,1.239824594
GTN,-0.499067078,0.665733601
USNA,-0.264671611,0.334832418
NOV,-0.605588362,0.396746313
TGI,-0.731926083,0.857988293
PAG,-0.437364844,1.137246009
BJRI,-0.630663936,1.771055017
HIBB,-0.610020978,3.223134208
ZION,-0.480205328,0.672035631
NUS,-0.458658618,1.56401357
SSP,-0.516868285,1.055047167
AXDX,-0.507100682,-0.09003595
FORR,-0.299041492,0.433459351
PLUS,-0.257088657,0.40450316
SEAC,-0.112172466,-0.62365584
STLD,-0.330492892,0.677147568
UNFI,0.047945129,0.739651536
LAD,-0.441564361,2.595524238
VSAT,-0.509255694,-0.091035201
NCR,-0.496587164,1.122600199
DGX,-0.24445519,0.505048904
TEN,-0.725190414,1.944447523
ROK,-0.25125122,0.684235049
NSP,-0.561831725,1.220602005
CMT,-0.526154104,8.142861223
SSB,-0.318326208,0.261405326
KRC,-0.234982167,-0.074722563
UNTY,-0.478068469,0.525734918
WWD,-0.496781185,1.050433652
CERS,0.101895016,0.488171747
HLIO,-0.178017505,0.415272466
VCEL,-0.472988516,2.367501427
CCBG,-0.335737789,0.246557314
CIEN,-0.067463186,0.327554299
SLGN,-0.062418781,0.290935519
MTN,-0.376766772,0.888568286
EEFT,-0.455953549,0.690620514
WTFC,-0.534100306,0.893106962
LNG,-0.451449261,0.791940365
CVLY,-0.295781285,0.082462163
FBC,-0.480755495,1.065198403
TTWO,-0.031201188,0.751875417
ARE,-0.145376789,0.32552966
APH,-0.324309306,0.807152279
KNL,-0.584719248,0.440110346
AMZN,0.055134977,0.670459972
RMBS,-0.194193221,0.572975793
SRPT,-0.241940392,0.742894108
PPBI,-0.417326877,0.717318789
QRVO,-0.306289747,1.06213653
SLP,0.203449802,1.06648184
BXP,-0.323879503,0.059566453
FIX,-0.264694578,0.451009391
MMS,-0.214161267,0.27194886
RL,-0.424009678,0.552297345
EGP,-0.206828517,0.345534529
HLX,-0.829699084,1.560975357
DXPE,-0.692037054,0.813213991
EGHT,-0.242623636,1.487012843
HSKA,-0.423597679,1.633813484
OZK,-0.447311796,0.937540257
CXW,-0.313562478,-0.413608174
JLL,-0.419954863,0.469301417
AME,-0.276117445,0.688195916
BAM,-0.232130635,0.413507007
SLG,-0.527699787,0.501117666
VLO,-0.508478867,0.312548844
LKFN,-0.244176939,0.486916562
BHB,-0.312084576,0.348982771
NAT,-0.059252196,-0.288530096
YUM,-0.3160834,0.607336891
MTOR,-0.494081439,1.106415971
FARO,-0.116186958,0.58718964
PLCE,-0.687140352,1.56134859
PSMT,-0.255417897,0.742624066
SIGA,0.00209697,0.520917939
NLY,-0.435244757,0.822020069
CAC,-0.312427535,0.173093619
DRQ,-0.349818423,-0.028851977
RHP,-0.575352168,0.890098872
GPI,-0.5558416,1.970429372
SRI,-0.428717025,0.804775912
FDP,-0.207833238,-0.121133217
CHRW,-0.146931471,0.442038438
CWST,-0.151422712,0.586023978
OSIS,-0.315863231,0.352582486
CHH,-0.407812405,0.747756035
CDZI,0.058984815,-0.087403415
PLD,-0.09187862,0.262216458
AMG,-0.299131512,0.720353078
EPR,-0.647673764,0.359313497
MTD,-0.129550616,0.650492944
SAH,-0.568386822,1.928291427
ADSK,-0.149133868,0.956055122
INGR,-0.180956661,0.067388202
MPB,-0.289272511,0.110664875
URI,-0.382982303,1.253739035
POWI,-0.105017068,0.86361052
PRDO,-0.413267603,0.170530543
CFFI,-0.272003688,-0.037504156
DENN,-0.613681909,0.911457453
HFWA,-0.287191413,0.203924154
MRCY,0.03226777,0.234369664
HOPE,-0.440493838,0.392858799
RMTI,-0.159836866,-0.50731742
TSBK,-0.379713095,0.367891498
VRSN,-0.065341124,0.201621487
WPC,-0.261368603,0.272289318
IESC,-0.312158741,1.608498343
BXS,-0.391754005,0.486294331
PWR,-0.220585205,1.279845451
SCS,-0.517595377,0.418247131
BRKL,-0.309020036,0.104580283
COLM,-0.301027923,0.252398622
IBOC,-0.363129738,0.422252244
NWFL,-0.308578054,0.011681597
CNXN,-0.170156689,0.14753781
SRDX,-0.195751994,0.306120595
CIX,0.048664278,-0.043607879
GRA,-0.487633379,0.568702063
MAR,-0.504064252,0.763399825
BBY,-0.344532792,0.780197709
SEE,-0.375596345,0.876329045
MFA,-0.771241839,1.605790476
HEI,-0.285678414,0.833730419
CRAI,-0.382412985,0.550109608
MANH,-0.375297728,1.111199726
UMPQ,-0.37231677,0.436239896
IOSP,-0.328210272,0.322770169
AMKR,-0.400768769,0.940950586
HCKT,-0.211896043,0.156492037
AXTI,-0.262068318,1.981302884
GNTY,-0.290449492,0.323054795
SBSI,-0.173872186,0.057036022
CLAR,-0.275918539,0.581152774
AMT,-0.052519714,0.05043282
BMTC,-0.307063628,0.11000076
HZO,-0.375674781,2.361801585
SRE,-0.247194471,0.157132686
DOX,-0.234000655,0.310705095
CTSH,-0.248019354,0.781652952
MSTR,-0.171983557,2.290008338
RSG,-0.158038523,0.300891366
BELFB,-0.522957468,0.575902429
RBCAA,-0.288119891,0.121595995
CSGP,-0.018535276,0.574020538
HTBK,-0.394607712,0.215467236
UBA,-0.425356208,0.04376203
CCI,0.024270508,0.127674315
EBAY,-0.163698661,0.687768616
BUSE,-0.372449921,0.306724841
CCNE,-0.418666279,0.161154354
PB,-0.322436694,0.471831777
FNHC,-0.304916848,-0.466629595
INO,1.254544458,0.189517571
SNBR,-0.610885699,3.272443207
BCOR,-0.539020037,0.32033068
AXL,-0.664498226,1.310248924
HT,-0.728980414,1.203909903
FCAP,-0.176164699,0.022892691
GDEN,-0.656087091,2.009075769
NVDA,0.120935113,0.983059367
STL,-0.502534892,0.750240781
GBL,-0.435094995,0.70339944
KFY,-0.424057112,0.805346254
EPAY,-0.316231217,0.439016819
EWBC,-0.468287768,1.015516548
MKSI,-0.25813557,0.856424795
BKNG,-0.344938539,0.655569547
CNX,-0.398870176,1.03007306
TREX,-0.108366963,1.089344772
AMNB,-0.389183665,0.134350927
DHIL,-0.357539439,0.799223495
CFFN,-0.148517998,0.113252761
EXTR,-0.580732826,1.229771228
HSII,-0.303076327,0.331331089
GS,-0.323478873,0.735381039
WCC,-0.615255312,2.435443268
NLS,0.491429242,5.950196457
CBU,-0.165350154,0.082793566
SKX,-0.450335351,0.513899345
FFIV,-0.236447623,0.650003156
FISI,-0.42679088,0.293693487
JNPR,-0.215574633,0.206233153
SBAC,0.122184425,0.049875721
STMP,0.557470699,0.508223655
UTHR,0.076578165,0.600739887
BSRR,-0.391782597,0.403684479
LII,-0.251711912,0.520582638
GNSS,-1.59E-07,0.993882916
COST,-0.027664073,0.365227942
BMRN,-0.0005919,0.037751531
FNLC,-0.264526647,0.2043013
GCBC,-0.185306996,0.107486188
JCOM,-0.201259154,0.305143139
ECPG,-0.338801249,0.665953426
MDRX,-0.28273057,1.05113618
VHC,0.439474534,0.059942913
PRFT,-0.411981474,0.758951774
MBWM,-0.411845316,0.333108728
DVN,-0.73045777,1.409594717
FLWS,-0.087586313,0.965230487
NTCT,-0.016617532,0.158430783
EGAN,-0.074495262,0.611184131
BLK,-0.117564752,0.669910663
CIR,-0.748486203,2.305244168
DHC,-0.547539782,0.145502194
AKAM,0.059157216,0.1475581
EGBN,-0.375651397,0.395922313
GAIA,0.11139007,0.112613315
PLUG,0.120252841,8.579098584
WWE,-0.475103945,0.42782899
IMMR,-0.278600152,1.106342624
LCII,-0.370111391,0.976550481
KTOS,-0.231537446,0.981936215
A,-0.158362846,0.660717195
EVI,-0.416420178,0.896072051
TDY,-0.142176165,0.318598418
UPS,-0.193040498,0.842927216
BMRC,-0.33005669,0.168790231
BGCP,-0.563011972,0.603655257
MCBC,-0.354978609,0.213659301
NKSH,-0.290006371,0.026828745
PKG,-0.217608521,0.624137164
AGEN,-0.398034256,0.297957836
LBAI,-0.372623908,0.215163754
ABEO,-0.35779784,-0.252379703
EW,-0.191478602,0.451013186
EPC,-0.222222204,0.44227717
EXPD,-0.144835167,0.443566054
IIIN,-0.38203867,0.797629901
LMNX,0.192572768,-0.151323136
SLAB,-0.263579571,0.490926869
APT,2.521865893,-0.076987517
MET,-0.394057561,0.589724149
GBCI,-0.25710954,0.39509201
MNST,-0.114712756,0.643795778
CCMP,-0.206070728,0.337738337
EXEL,-0.022702375,0.165505106
HSTM,-0.119485772,-0.088100713
LXRX,-0.530120613,0.753845699
LPSN,-0.385136065,1.735382495
ON,-0.48974503,1.631028613
SGMO,-0.238948318,1.449764472
FULT,-0.333333746,0.149128442
OSPN,0.060162877,0.139394647
RBBN,-0.022581672,1.165015747
BHLB,-0.543609698,0.199499252
CRL,-0.173802166,0.979716503
CYH,0.151724082,1.224555915
VC,-0.445893973,1.616092454
PACW,-0.522868117,0.472376524
INSM,-0.328726934,1.076733195
ISRG,-0.16229357,0.652025674
MRVL,-0.147966915,1.114971262
NNN,-0.39414353,0.331482693
ACLS,-0.24009051,0.590388489
ARNA,-0.075296416,0.829284363
ENDP,-0.211087374,0.940539032
ENTG,-0.104828012,1.154385261
ILMN,-0.176704837,0.35471539
SAVA,-0.209615068,0.659367407
PRPO,-0.658585406,1.957567853
EVC,-0.206107355,0.413769363
BRKR,-0.295663442,0.513508216
APPS,-0.395512452,12.12297258
SPTN,0.019135504,0.254965557
ITGR,-0.218450184,0.291600051
DRRX,-0.592105491,0.335485473
TTMI,-0.312957035,0.334140392
TPR,-0.507323037,1.400004097
JKHY,0.068716467,0.051511284
SHEN,0.183609397,-0.115109425
ICAD,-0.055341052,0.798363214
INSG,-0.150068017,1.483145637
RIGL,-0.271028008,1.243589732
PGC,-0.418035877,0.277966524
GRMN,-0.225810543,0.624875808
HBIO,-0.275409269,0.941175182
FLR,-0.630077329,1.311142389
YORW,-0.053454792,0.085214985
ALGN,-0.376612981,2.072034586
EXAS,-0.372837631,1.284309513
HAFC,-0.449621853,0.076702771
MCF,-0.5912806,0.526666839
GPN,-0.20889044,0.498303385
MPX,-0.433536825,0.836514473
OIS,-0.875536641,1.472908839
ATRS,-0.497872385,0.690676332
IBCP,-0.425981528,0.492767267
FLO,-0.04778808,0.131899882
FCBC,-0.241693231,-0.039546606
SGEN,0.009802626,0.517939528
DGICA,0.036302456,-0.044836135
CIVB,-0.373551148,0.199268057
SHBI,-0.37017973,0.390474462
UBFO,-0.403541731,0.177674077
IDT,-0.24826583,1.280440149
ADS,-0.697888794,1.228741224
FIS,-0.122942811,0.171640409
MDLZ,-0.085602989,0.186836923
WLTW,-0.155541731,0.252934786
NTUS,-0.298879007,-0.133593287
EVBN,-0.379302202,0.162397693
PDFS,-0.306098312,0.843003475
ZBH,-0.323089742,0.53257725
ACN,-0.221653815,0.619135498
MFNC,-0.401489183,0.288878017
OMCL,-0.197503038,0.830129912
OVV,-0.880863615,4.467901868
BG,-0.279462551,0.650463656
FRO,-0.221617936,-0.233067032
PLPC,-0.171001936,0.388668575
CS,-0.398513063,0.626421776
MKC,-0.167416761,0.361104192
CCRN,-0.419966044,0.31602255
ANTM,-0.245141534,0.428585268
PFG,-0.422993406,0.645638801
PWOD,-0.307648883,0.116520189
AMN,-0.072220022,0.180592834
AYI,-0.378591637,0.419657545
AAP,-0.415771273,0.69625273
WW,-0.55744545,0.442934407
PRU,-0.435671017,0.571610477
WNEB,-0.294055955,0.046706292
CNC,-0.055033605,0.010436613
FCCY,-0.39832366,0.221741378
SYNA,-0.120116425,0.665803434
CCOI,0.255585212,-0.246046604
GME,-0.424342189,4.382855658
MANT,-0.086253812,0.239764991
UCBI,-0.401230787,0.593830347
ABG,-0.505949215,1.638786005
JBLU,-0.521901342,0.624581453
LCI,-0.21201734,-0.061869677
CPSI,-0.154050288,0.216172714
NFLX,0.160490015,0.440027578
OSTK,-0.292198005,9.582302747
PNFP,-0.411654294,0.734329068
VRNT,-0.223265408,0.562326335
NPO,-0.404305771,0.933574255
ELOX,-0.733696033,1.030611129
HOFT,-0.386142277,1.107581548
WTBA,-0.355524579,0.221897687
WHG,-0.367319276,-0.208083498
BDSI,-0.400317088,0.108179243
CVGW,-0.363175223,0.222823658
RRGB,-0.741974834,1.257045536
RUSHA,-0.311420066,0.9653187
LYTS,-0.37050173,1.314335339
BANC,-0.530850498,0.867487435
SAIA,-0.210266638,1.458526421
KMX,-0.385992782,0.754781781
XEC,-0.677427491,1.279078573
CMCSA,-0.226633382,0.541486357
WYNN,-0.562558771,0.874563481
DKS,-0.564104013,1.693225944
CEVA,-0.075296409,0.825109975
PKBK,-0.411211783,0.201319994
PRAA,-0.236363074,0.430737161
SAFT,-0.077109679,-0.042908236
ACTG,-0.165413538,0.774775403
EQIX,0.074988103,0.156089123
GLNG,-0.445851072,0.223350905
CME,-0.134316821,0.083316443
PFS,-0.47229018,0.467256631
NVEC,-0.261354646,0.142067079
LEN,-0.351480448,1.137393999
HTLF,-0.390009235,0.359861829
OPHC,-0.054151715,0.286259009
FORM,-0.226415287,1.141364446
NHS,-0.279140319,0.450872434
MOH,0.02962741,0.522296392
AXS,-0.342866323,0.340661247
TELL,-0.875837917,0.416083598
CVCO,-0.258163643,0.210501465
NTGR,-0.06813537,0.778893968
GPK,-0.262762891,0.409610581
GOOD,-0.329057467,0.335807093
TCBI,-0.609476485,1.683807565
UVSP,-0.383121561,0.294424463
CNO,-0.310534606,0.831375456
LKQ,-0.425490438,0.718186245
ANIP,-0.33938713,-0.287187042
CRI,-0.393360198,0.431155838
APYX,-0.575650722,1.005570373
SNX,-0.430805022,1.652888715
WLL,-0.908664885,-0.49692366
CONN,-0.662631449,1.796647653
MRLN,-0.488191884,0.154955333
MGRC,-0.31233283,0.309796656
NXST,-0.505235552,0.925399193
XPER,-0.237297435,0.53446559
DZSI,-0.52708802,2.692123916
MEIP,-0.35080625,0.639751043
AEL,-0.371867888,0.489189823
CMP,-0.360600534,0.667944703
KRO,-0.356716295,0.846900635
NNI,-0.217358376,0.585112931
NG,-0.176339428,0.310296897
PIPR,-0.357245388,1.018080954
TPX,-0.497932381,1.470832164
MGLN,-0.385175359,0.721887734
PETS,0.236745449,0.143012444
DVAX,-0.382867008,0.260621917
ONCT,-0.258227818,0.67235424
HTH,-0.390881474,0.843053499
AIZ,-0.201755916,0.330301553
NRG,-0.308637243,0.415435765
CUTR,-0.635297391,0.846096812
CVCY,-0.394397689,0.169935881
SBNY,-0.40921409,0.713118669
SBRA,-0.476505665,0.68920937
UCTT,-0.412015533,1.257248004
SVRA,-0.526786052,-0.45754726
ABR,-0.650098793,2.143402595
AGO,-0.469807435,0.250152152
CORT,-0.01735578,1.200168183
CYTK,0.111216358,0.762511452
GNW,-0.245454351,0.138552878
GHL,-0.420959577,0.250507931
XPO,-0.388331363,1.44513111
ACAD,-0.012389271,0.26532628
ALNY,-0.054875361,0.194028034
ANGO,-0.348532141,0.46979941
NUVA,-0.344970064,0.111922828
SP,-0.510959495,0.389398313
CBRE,-0.384728147,0.663217238
NYMT,-0.751203547,1.565294488
CRM,-0.114731672,0.54556173
SFL,-0.324622575,-0.279468425
BOCH,-0.315470816,0.283050776
DPZ,0.105759382,0.190354231
ENS,-0.335895143,0.689797206
BLKB,-0.300900917,0.036183109
MNKD,-0.201549544,2.038837336
ACC,-0.403905224,0.604089956
CNS,-0.271304754,0.687911399
EXR,-0.084832023,0.241533993
KRG,-0.49884852,0.600309697
WLK,-0.453323848,1.167108075
GOOGL,-0.13247879,0.50836053
STXS,-0.429111508,0.685432313
BECN,-0.482801856,1.429865554
SFST,-0.332313357,0.246033405
DLR,0.169449789,0.02814564
ONTO,-0.188013499,0.602628641
MOS,-0.497689561,1.145613858
SHO,-0.370689096,0.300802318
CUBE,-0.138499976,0.295859617
ADES,-0.356689551,-0.162861638
HURN,-0.339931209,0.299604033
INVA,-0.169492428,0.053571884
TXRH,-0.260298802,0.892496012
HALO,0.014663889,1.374098589
NP,-0.382636491,0.320973444
ORA,-0.090579732,0.340617037
MKTX,-0.121138148,0.721666398
MPWR,-0.056510927,1.198500873
NWE,-0.156830338,0.007738803
SPOK,-0.115698997,0.079539916
ATLO,-0.264648565,0.220085159
TBBK,-0.531997043,1.248765479
LVS,-0.373406652,0.403340817
MIC,-0.387254774,0.487128063
HLF,-0.388295005,0.647806028
CE,-0.399972564,0.80494158
WTI,-0.694244964,0.276471143
CZNC,-0.28455969,0.038635676
SMMF,-0.210778986,0.072018558
DLB,-0.209425378,0.80837796
HUN,-0.396006481,0.782268422
TAP,-0.319809836,0.429547052
PBH,-0.0943198,-0.049347415
WEX,-0.500860002,0.946723906
EBTC,-0.198053377,-0.031979655
EFSC,-0.417340885,0.274325337
KRNY,-0.373101825,0.264639404
NDAQ,-0.109056711,0.414540495
PFBC,-0.434369119,0.529605404
MTEM,-0.049695969,-0.293453231
ULH,-0.30436461,0.579771167
AX,-0.40125514,1.070047922
PBIP,-0.174311729,-0.047707377
DXCM,0.231004729,0.373046854
DRH,-0.541515733,0.624014904
LAZ,-0.40267465,0.877291334
CTRN,-0.611591385,4.582022193
MORN,-0.23023987,1.005270815
ZUMZ,-0.498552206,1.123555229
ATSG,-0.220801657,0.71444235
BFIN,-0.320512743,0.034105719
BLDR,-0.51869389,2.336876908
EGLE,-0.597826059,0.467178875
LHCG,0.017711421,0.521539708
DBI,-0.677255325,0.536143678
FSP,-0.322680383,-0.194541963
OSK,-0.317512195,0.354295102
THS,-0.089690354,-0.037598294
WAL,-0.460066626,0.994984567
MPW,-0.16816675,0.314026183
CNSL,0.172679957,0.074723741
DISCA,-0.406231226,0.547839604
EXPE,-0.476512289,1.352939932
ACCO,-0.453525603,0.722288715
CF,-0.425610301,0.462584761
STN,-0.092710151,0.284416008
ATRC,0.033220707,0.657338726
OFLX,-0.213347782,0.7458171
ROLL,-0.287671387,0.58737399
RUTH,-0.686193255,1.6541908
AMP,-0.380577547,0.933817989
EVRI,-0.754281234,3.184844605
CMPR,-0.577005764,0.649247213
FNF,-0.444101432,0.619570446
DHT,-0.020260896,-0.181603668
FBIZ,-0.407461046,0.224563806
ISBC,-0.321782435,0.377538404
WSBF,-0.204246149,0.347282053
AMSF,-0.019536412,-0.039068699
IRBT,-0.192178185,0.96307982
SPWR,-0.349999729,5.144650173
UAA,-0.573611261,0.864277183
PEBK,-0.37222199,0.158833435
BKD,-0.570838931,0.419869971
ICE,-0.124256334,0.440449003
BCBP,-0.218167102,0.087506466
CORE,0.055167294,0.040434122
LORL,-0.497215142,0.788248412
LYV,-0.363928979,0.616367138
CPA,-0.576926262,0.705232334
CMG,-0.218262675,1.11905208
HEES,-0.555791316,1.112634636
CROX,-0.594413948,2.6880533
LQDT,-0.348993656,3.100519826
UAL,-0.641843605,0.37083947
KOP,-0.676347381,1.51899948
TDG,-0.428231985,0.932759485
GPRE,-0.685676901,1.71546581
VNDA,-0.368677593,0.268338117
POR,-0.133805793,-0.080615662
DK,-0.520727808,0.056152282
MA,-0.189973631,0.483766131
MWA,-0.328179597,0.569047652
VG,-0.024290674,0.780774164
AAWW,-0.068914611,1.124658075
FBMS,-0.461320594,0.641696853
QRTEA,-0.275801291,2.482975133
PRTK,-0.218361995,0.987306826
ATEC,-0.513741633,3.208697364
HOMB,-0.385401773,0.664928216
LUNA,-0.156378667,0.606503365
SLCT,-0.379675079,0.241151172
PGTI,-0.437290358,1.42431627
CSII,-0.275365354,0.242828628
SNCR,-0.35789494,0.540983909
GTLS,-0.570602881,3.064525942
KALU,-0.371057194,0.471871847
EVR,-0.378530718,1.444260515
HBI,-0.464029853,0.919300683
ESXB,-0.450486918,0.430884069
WU,-0.314600105,0.248254583
CVLT,-0.093189931,0.367834998
ICFI,-0.248635238,0.088800298
ZIOP,-0.480932198,0.028571407
EHTH,0.46565471,-0.49857924
EXLS,-0.250935993,0.636171342
LMAT,-0.304172108,0.63968797
AWI,-0.152708903,-0.055737414
DEI,-0.29863362,-0.014727066
OC,-0.397958672,0.967003647
LDOS,-0.060271827,0.159261886
ROST,-0.250515089,0.41209461
EBS,0.072474866,0.548565684
HRI,-0.581937458,2.245844828
KBR,-0.318688782,0.513879172
SPR,-0.671514495,0.63547861
CPRX,0.026666417,-0.132466788
FSLR,-0.355611743,1.74320813
ORBC,-0.420427101,2.040982191
WLDN,-0.327564398,0.951334649
AIMC,-0.512289793,2.180087227
ALGT,-0.527565928,1.313450514
GLDD,-0.267431579,0.586745901
IPGP,-0.239028702,1.029287184
MNOV,-0.448071377,0.41397869
TAST,-0.741843982,2.450545412
SBH,-0.557260249,0.613861788
EIG,-0.02371317,-0.18596964
AVAV,-0.0126335,0.425526702
III,0.015811082,0.276265023
CORR,-0.580071703,-0.620188305
ARAY,-0.326241238,1.194737911
CENTA,-0.129086897,0.420804441
ESGR,-0.231122764,0.288210436
NCMI,-0.52674858,0.217617019
PRTS,-0.204546015,6.079998934
MDGL,-0.267258922,0.665217843
BR,-0.228022955,0.635621414
UFS,-0.434100823,0.491056553
SFNC,-0.306831046,0.207161887
HAYN,-0.418972724,0.193844713
SMCI,#VALUE!,0.487780131
CNK,-0.688331215,0.708537715
DAL,-0.507884243,0.409393331
TMUS,0.069880736,0.612755236
ESSA,-0.188200385,0.125659261
TFSL,-0.209858132,0.21910848
ACM,-0.307906531,0.667670096
BGS,0.035414756,0.616714786
CAI,-0.512077421,1.247239431
CLR,-0.776671949,1.133511817
TRS,-0.264564939,0.370995777
ALBO,-0.356018669,1.291387343
CLNE,-0.239315623,3.415730657
FOLD,-0.051334428,1.498918052
GLRE,-0.411474375,0.228571272
IBKR,-0.072190299,0.419854447
PODD,-0.032242792,0.542912974
TTGT,-0.21034404,1.868023234
GRBK,-0.298780351,1.852173185
INFN,-0.332493515,0.977359368
JAZZ,-0.331860314,0.654803863
LLNW,0.397057878,-0.300000535
SCOR,-0.429150069,-0.117021497
TIPT,-0.353808655,-0.017481878
DFS,-0.576640519,1.597646456
PRO,-0.482142596,0.636158319
DHX,-0.282391753,0.027778805
LULU,-0.18181083,0.836083812
MASI,0.120587209,0.51524429
AROC,-0.617795708,1.45278858
VMW,-0.202187586,0.158216037
G,-0.30525226,0.427132225
TDC,-0.234590194,0.096632491
UEC,-0.390774806,2.142854831
TOWN,-0.343278419,0.334893909
ULTA,-0.30591826,0.634378298
CVI,-0.579636079,-0.080934073
ROIC,-0.519252581,0.615200319
PZN,-0.446150261,0.666306869
TGH,-0.232493133,1.333332934
SHIP,-0.721560853,-0.778947045
CIM,-0.533073644,0.239270797
LL,-0.519959605,5.554372507
MSCI,0.121795844,0.554688236
SCU,-0.373012759,0.122599443
APEI,-0.126323088,0.273714198
ENSG,-0.16993647,0.944260208
NFBK,-0.33507631,0.136763152
ATHX,1.439024427,-0.416666246
CATM,-0.531467027,0.687381183
SATS,-0.261833506,-0.337190687
TITN,-0.412043449,1.249711677
ARR,-0.488279924,0.313519101
FLNT,-0.531999709,3.538467394
LRN,-0.073219605,0.125661466
KW,-0.388341298,0.389727231
GTS,-0.237425154,0.514184543
EBSB,-0.43753113,0.355619442
DAN,-0.567895276,1.499358886
HCCI,-0.482307585,0.297415126
MOFG,-0.417600429,0.208455267
IRDM,-0.093750459,0.761083268
HI,-0.419918665,1.126179216
PM,-0.128804516,0.189133292
V,-0.141107551,0.363640589
AWK,-0.022844788,0.298839866
IPI,-0.704797427,2.01874775
NX,-0.40515214,1.229692295
CFX,-0.455745476,0.931313399
UNH,-0.148036937,0.422882966
SB,-0.299999745,0.092436254
AGNC,-0.381552264,0.594072207
CAPR,-0.062499542,1.858335017
UMH,-0.301035174,0.418106826
JBT,-0.339872475,0.537902863
ERII,-0.240040373,0.833332932
PRIM,-0.282373648,0.751937551
TREE,-0.395630528,0.492939157
DISCK,-0.424729557,0.493158024
HCI,-0.109997426,0.330678576
MYRG,-0.196379528,1.294764875
DMRC,-0.611143907,2.619928683
HBCP,-0.372736594,0.176496555
LOPE,-0.203622541,0.22055595
CLW,0.021067369,0.730858363
VRTS,-0.371307387,1.903662869
OVLY,-0.185040532,0.067457647
ORRF,-0.386225372,0.247243833
SMED,0.881517496,0.190174854
OPI,-0.138443716,-0.104938925
IVR,-0.765165336,0.193801179
PMT,-0.523553218,0.825917792
ASPS,-0.603207856,0.679270299
TBNK,-0.199348846,0.008698681
STWD,-0.568383355,1.055027871
AVGO,-0.239447384,0.897827515
ARI,-0.572444324,0.670414971
SEM,-0.357326683,0.843998672
MG,-0.701471731,0.821597375
TWO,-0.739397921,0.832574531
ADUS,-0.304669874,0.732100439
ECHO,-0.174879687,0.570257795
OMER,-0.051099501,0.068437714
VRSK,-0.064885766,0.495862393
DG,-0.029843104,0.400531078
H,-0.464663253,0.550105179
LEA,-0.403698793,0.960372037
COWN,-0.385027436,1.713707104
FTNT,-0.052359384,0.468121737
CIT,-0.618406274,1.180358847
KAR,-0.440568964,0.550833019
KRA,-0.680094687,2.430864774
PEB,-0.593435299,0.729915185
PPC,-0.446125363,0.082228811
MSGN,-0.413793228,0.445099355
GNRC,-0.073764697,1.440804483
PDM,-0.198212063,-0.043964604
TRNO,-0.03915769,0.147943812
CELH,-0.128365006,10.9501202
IRWD,-0.241923283,0.128840091
QNST,-0.474199706,1.663356353
CALX,-0.114999401,3.203396291
MXL,-0.45004758,2.272496731
ST,-0.462965839,0.823023225
STNG,-0.511523556,-0.400987144
FIBK,-0.293035855,0.458275339
SSNC,-0.284712078,0.670827668
CLDT,-0.671365761,0.818182272
PRI,-0.319869644,0.52854862
AOSL,-0.529368813,2.687984699
CDXS,-0.302063357,0.956093727
SPSC,-0.160772342,1.334770737
RCM,-0.299691868,1.642462573
CRMD,-0.506867496,1.069637037
PLOW,-0.349272106,0.232004482
EXPR,-0.694044898,-0.389261817
FAF,-0.265260542,0.250214229
LMNR,-0.318772435,0.298035674
HPP,-0.319787276,-0.022452666
SIX,-0.716470643,1.719299863
VPG,-0.409412013,0.567727687
FN,-0.158545179,0.422103424
CBOE,-0.253901378,0.05651622
TSLA,0.252599339,5.733495382